underlying_symbol,quote_date,root,expiration,strike,option_type,open,high,low,close,trade_volume,bid_size_1545,bid_1545,ask_size_1545,ask_1545,underlying_bid_1545,underlying_ask_1545,bid_size_eod,bid_eod,ask_size_eod,ask_eod,underlying_bid_eod,underlying_ask_eod,vwap,open_interest,delivery_code
^VIX,2016-06-01,VIX,2016-06-01,10,C,0,0,0,0,0,0,0,0,0,14.24,14.24,0,0,0,0,14.2,14.2,0,6,
^VIX,2016-06-02,VIX,2016-06-02,10,P,0,0,0,0,0,0,0,0,0,14.24,14.24,0,0,0,0,14.2,14.2,0,0,
^VIX,2016-06-03,VIX,2016-06-03,10.5,C,0,0,0,0,0,0,0,0,0,14.24,14.24,0,0,0,0,14.2,14.2,0,0,
^VIX,2016-06-04,VIX,2016-06-04,10.5,P,0,0,0,0,0,0,0,0,0,14.24,14.24,0,0,0,0,14.2,14.2,0,0,
^VIX,2016-06-05,VIX,2016-06-05,11,C,0,0,0,0,0,0,0,0,0,14.24,14.24,0,0,0,0,14.2,14.2,0,0,
^VIX,2016-06-06,VIX,2016-06-06,11,P,0,0,0,0,0,0,0,0,0,14.24,14.24,0,0,0,0,14.2,14.2,0,0,
^VIX,2016-06-07,VIX,2016-06-07,11.5,C,0,0,0,0,0,0,0,0,0,14.24,14.24,0,0,0,0,14.2,14.2,0,83,
^VIX,2016-06-08,VIX,2016-06-08,11.5,P,0,0,0,0,0,0,0,0,0,14.24,14.24,0,0,0,0,14.2,14.2,0,0,
^VIX,2016-06-09,VIX,2016-06-09,12,C,0,0,0,0,0,0,0,0,0,14.24,14.24,0,0,0,0,14.2,14.2,0,5,
^VIX,2016-06-10,VIX,2016-06-10,12,P,0,0,0,0,0,0,0,0,0,14.24,14.24,0,0,0,0,14.2,14.2,0,0,
^VIX,2016-06-11,VIX,2016-06-11,12.5,C,0,0,0,0,0,0,0,0,0,14.24,14.24,0,0,0,0,14.2,14.2,0,6,
^VIX,2016-06-12,VIX,2016-06-12,12.5,P,0,0,0,0,0,0,0,0,0,14.24,14.24,0,0,0,0,14.2,14.2,0,10,
^VIX,2016-06-13,VIX,2016-06-13,13,C,0,0,0,0,0,0,0,0,0,14.24,14.24,0,0,0,0,14.2,14.2,0,61,
^VIX,2016-06-14,VIX,2016-06-14,13,P,0,0,0,0,0,0,0,0,0,14.24,14.24,0,0,0,0,14.2,14.2,0,32,
^VIX,2016-06-15,VIX,2016-06-15,13.5,C,0,0,0,0,0,0,0,0,0,14.24,14.24,0,0,0,0,14.2,14.2,0,883,
^VIX,2016-06-16,VIX,2016-06-16,13.5,P,0,0,0,0,0,0,0,0,0,14.24,14.24,0,0,0,0,14.2,14.2,0,1442,
^VIX,2016-06-17,VIX,2016-06-17,14,C,0,0,0,0,0,0,0,0,0,14.24,14.24,0,0,0,0,14.2,14.2,0,223,
^VIX,2016-06-18,VIX,2016-06-18,14,P,0,0,0,0,0,0,0,0,0,14.24,14.24,0,0,0,0,14.2,14.2,0,4479,
^VIX,2016-06-19,VIX,2016-06-19,14.5,C,0,0,0,0,0,0,0,0,0,14.24,14.24,0,0,0,0,14.2,14.2,0,2017,
^VIX,2016-06-20,VIX,2016-06-20,14.5,P,0,0,0,0,0,0,0,0,0,14.24,14.24,0,0,0,0,14.2,14.2,0,7369,
^VIX,2016-06-21,VIX,2016-06-21,15,C,0,0,0,0,0,0,0,0,0,14.24,14.24,0,0,0,0,14.2,14.2,0,2888,
^VIX,2016-06-22,VIX,2016-06-22,15,P,0,0,0,0,0,0,0,0,0,14.24,14.24,0,0,0,0,14.2,14.2,0,4697,
^VIX,2016-06-23,VIX,2016-06-23,16,C,0,0,0,0,0,0,0,0,0,14.24,14.24,0,0,0,0,14.2,14.2,0,5382,
^VIX,2016-06-24,VIX,2016-06-24,16,P,0,0,0,0,0,0,0,0,0,14.24,14.24,0,0,0,0,14.2,14.2,0,4599,
^VIX,2016-06-25,VIX,2016-06-25,17,C,0,0,0,0,0,0,0,0,0,14.24,14.24,0,0,0,0,14.2,14.2,0,1558,
^VIX,2016-06-26,VIX,2016-06-26,17,P,0,0,0,0,0,0,0,0,0,14.24,14.24,0,0,0,0,14.2,14.2,0,1102,
^VIX,2016-06-27,VIX,2016-06-27,18,C,0,0,0,0,0,0,0,0,0,14.24,14.24,0,0,0,0,14.2,14.2,0,1537,
^VIX,2016-06-28,VIX,2016-06-28,18,P,0,0,0,0,0,0,0,0,0,14.24,14.24,0,0,0,0,14.2,14.2,0,1764,
^VIX,2016-06-29,VIX,2016-06-29,19,C,0,0,0,0,0,0,0,0,0,14.24,14.24,0,0,0,0,14.2,14.2,0,5710,
^VIX,2016-06-30,VIX,2016-06-30,19,P,0,0,0,0,0,0,0,0,0,14.24,14.24,0,0,0,0,14.2,14.2,0,113,
^VIX,2016-07-01,VIX,2016-07-01,20,C,0,0,0,0,0,0,0,0,0,14.24,14.24,0,0,0,0,14.2,14.2,0,2586,
^VIX,2016-07-02,VIX,2016-07-02,20,P,0,0,0,0,0,0,0,0,0,14.24,14.24,0,0,0,0,14.2,14.2,0,87,
^VIX,2016-07-03,VIX,2016-07-03,21,C,0,0,0,0,0,0,0,0,0,14.24,14.24,0,0,0,0,14.2,14.2,0,497,
^VIX,2016-07-04,VIX,2016-07-04,21,P,0,0,0,0,0,0,0,0,0,14.24,14.24,0,0,0,0,14.2,14.2,0,1,
^VIX,2016-07-05,VIX,2016-07-05,22,C,0,0,0,0,0,0,0,0,0,14.24,14.24,0,0,0,0,14.2,14.2,0,9713,
^VIX,2016-07-06,VIX,2016-07-06,22,P,0,0,0,0,0,0,0,0,0,14.24,14.24,0,0,0,0,14.2,14.2,0,3,
^VIX,2016-07-07,VIX,2016-07-07,23,C,0,0,0,0,0,0,0,0,0,14.24,14.24,0,0,0,0,14.2,14.2,0,325,
^VIX,2016-07-08,VIX,2016-07-08,23,P,0,0,0,0,0,0,0,0,0,14.24,14.24,0,0,0,0,14.2,14.2,0,1,
^VIX,2016-07-09,VIX,2016-07-09,24,C,0,0,0,0,0,0,0,0,0,14.24,14.24,0,0,0,0,14.2,14.2,0,188,
^VIX,2016-07-10,VIX,2016-07-10,24,P,0,0,0,0,0,0,0,0,0,14.24,14.24,0,0,0,0,14.2,14.2,0,0,
^VIX,2016-07-11,VIX,2016-07-11,25,C,0,0,0,0,0,0,0,0,0,14.24,14.24,0,0,0,0,14.2,14.2,0,223,
^VIX,2016-07-12,VIX,2016-07-12,25,P,0,0,0,0,0,0,0,0,0,14.24,14.24,0,0,0,0,14.2,14.2,0,0,
^VIX,2016-07-13,VIX,2016-07-13,26,C,0,0,0,0,0,0,0,0,0,14.24,14.24,0,0,0,0,14.2,14.2,0,43,
^VIX,2016-07-14,VIX,2016-07-14,26,P,0,0,0,0,0,0,0,0,0,14.24,14.24,0,0,0,0,14.2,14.2,0,20,
^VIX,2016-07-15,VIX,2016-07-15,27,C,0,0,0,0,0,0,0,0,0,14.24,14.24,0,0,0,0,14.2,14.2,0,45,
^VIX,2016-07-16,VIX,2016-07-16,27,P,0,0,0,0,0,0,0,0,0,14.24,14.24,0,0,0,0,14.2,14.2,0,150,
^VIX,2016-07-17,VIX,2016-07-17,28,C,0,0,0,0,0,0,0,0,0,14.24,14.24,0,0,0,0,14.2,14.2,0,443,
^VIX,2016-07-18,VIX,2016-07-18,28,P,0,0,0,0,0,0,0,0,0,14.24,14.24,0,0,0,0,14.2,14.2,0,0,
^VIX,2016-07-19,VIX,2016-07-19,29,C,0,0,0,0,0,0,0,0,0,14.24,14.24,0,0,0,0,14.2,14.2,0,0,
^VIX,2016-07-20,VIX,2016-07-20,29,P,0,0,0,0,0,0,0,0,0,14.24,14.24,0,0,0,0,14.2,14.2,0,0,
^VIX,2016-07-21,VIX,2016-07-21,30,C,0,0,0,0,0,0,0,0,0,14.24,14.24,0,0,0,0,14.2,14.2,0,2,
^VIX,2016-07-22,VIX,2016-07-22,30,P,0,0,0,0,0,0,0,0,0,14.24,14.24,0,0,0,0,14.2,14.2,0,30,
^VIX,2016-07-23,VIX,2016-07-23,32.5,C,0,0,0,0,0,0,0,0,0,14.24,14.24,0,0,0,0,14.2,14.2,0,20,
^VIX,2016-07-24,VIX,2016-07-24,32.5,P,0,0,0,0,0,0,0,0,0,14.24,14.24,0,0,0,0,14.2,14.2,0,0,
^VIX,2016-07-25,VIX,2016-07-25,35,C,0,0,0,0,0,0,0,0,0,14.24,14.24,0,0,0,0,14.2,14.2,0,27,
^VIX,2016-07-26,VIX,2016-07-26,35,P,0,0,0,0,0,0,0,0,0,14.24,14.24,0,0,0,0,14.2,14.2,0,0,
^VIX,2016-07-27,VIX,2016-07-27,37.5,C,0,0,0,0,0,0,0,0,0,14.24,14.24,0,0,0,0,14.2,14.2,0,12,
^VIX,2016-07-28,VIX,2016-07-28,37.5,P,0,0,0,0,0,0,0,0,0,14.24,14.24,0,0,0,0,14.2,14.2,0,0,
^VIX,2016-07-29,VIX,2016-07-29,40,C,0,0,0,0,0,0,0,0,0,14.24,14.24,0,0,0,0,14.2,14.2,0,0,
^VIX,2016-07-30,VIX,2016-07-30,40,P,0,0,0,0,0,0,0,0,0,14.24,14.24,0,0,0,0,14.2,14.2,0,0,
^VIX,2016-07-31,VIX,2016-07-31,42.5,C,0,0,0,0,0,0,0,0,0,14.24,14.24,0,0,0,0,14.2,14.2,0,0,
^VIX,2016-08-01,VIX,2016-08-01,42.5,P,0,0,0,0,0,0,0,0,0,14.24,14.24,0,0,0,0,14.2,14.2,0,0,
^VIX,2016-08-02,VIX,2016-08-02,45,C,0,0,0,0,0,0,0,0,0,14.24,14.24,0,0,0,0,14.2,14.2,0,111,
^VIX,2016-08-03,VIX,2016-08-03,45,P,0,0,0,0,0,0,0,0,0,14.24,14.24,0,0,0,0,14.2,14.2,0,0,
^VIX,2016-08-04,VIX,2016-08-04,47.5,C,0,0,0,0,0,0,0,0,0,14.24,14.24,0,0,0,0,14.2,14.2,0,0,
^VIX,2016-08-05,VIX,2016-08-05,47.5,P,0,0,0,0,0,0,0,0,0,14.24,14.24,0,0,0,0,14.2,14.2,0,0,
^VIX,2016-08-06,VIX,2016-08-06,50,C,0,0,0,0,0,0,0,0,0,14.24,14.24,0,0,0,0,14.2,14.2,0,0,
^VIX,2016-08-07,VIX,2016-08-07,50,P,0,0,0,0,0,0,0,0,0,14.24,14.24,0,0,0,0,14.2,14.2,0,0,
^VIX,2016-08-08,VIX,2016-08-08,55,C,0,0,0,0,0,0,0,0,0,14.24,14.24,0,0,0,0,14.2,14.2,0,0,
^VIX,2016-08-09,VIX,2016-08-09,55,P,0,0,0,0,0,0,0,0,0,14.24,14.24,0,0,0,0,14.2,14.2,0,0,
^VIX,2016-08-10,VIX,2016-08-10,60,C,0,0,0,0,0,0,0,0,0,14.24,14.24,0,0,0,0,14.2,14.2,0,0,
^VIX,2016-08-11,VIX,2016-08-11,60,P,0,0,0,0,0,0,0,0,0,14.24,14.24,0,0,0,0,14.2,14.2,0,0,
^VIX,2016-08-12,VIX,2016-08-12,65,C,0,0,0,0,0,0,0,0,0,14.24,14.24,0,0,0,0,14.2,14.2,0,0,
^VIX,2016-08-13,VIX,2016-08-13,65,P,0,0,0,0,0,0,0,0,0,14.24,14.24,0,0,0,0,14.2,14.2,0,0,
^VIX,2016-08-14,VIX,2016-08-14,70,C,0,0,0,0,0,0,0,0,0,14.24,14.24,0,0,0,0,14.2,14.2,0,0,
^VIX,2016-08-15,VIX,2016-08-15,70,P,0,0,0,0,0,0,0,0,0,14.24,14.24,0,0,0,0,14.2,14.2,0,0,
^VIX,2016-08-16,VIX,2016-08-16,10,C,0,0,0,0,0,4481,4.3,5051,4.8,14.24,14.24,5190,4.4,3232,4.8,14.2,14.2,0,328,
^VIX,2016-08-17,VIX,2016-08-17,10,P,0,0,0,0,0,0,0,5785,0.05,14.24,14.24,0,0,5760,0.05,14.2,14.2,0,2,
^VIX,2016-08-18,VIX,2016-08-18,10.5,C,0,0,0,0,0,4029,3.8,60,4.2,14.24,14.24,5190,3.9,3006,4.3,14.2,14.2,0,0,
^VIX,2016-08-19,VIX,2016-08-19,10.5,P,0,0,0,0,0,0,0,6275,0.05,14.24,14.24,0,0,6130,0.05,14.2,14.2,0,0,
^VIX,2016-08-20,VIX,2016-08-20,11,C,0,0,0,0,0,3544,3.3,60,3.7,14.24,14.24,5190,3.4,2749,3.8,14.2,14.2,0,0,
^VIX,2016-08-21,VIX,2016-08-21,11,P,0,0,0,0,0,0,0,5669,0.05,14.24,14.24,0,0,5591,0.05,14.2,14.2,0,0,
^VIX,2016-08-22,VIX,2016-08-22,11.5,C,0,0,0,0,0,80,2.85,5128,3.3,14.24,14.24,3262,2.95,2563,3.3,14.2,14.2,0,0,
^VIX,2016-08-23,VIX,2016-08-23,11.5,P,0,0,0,0,0,0,0,5372,0.05,14.24,14.24,0,0,5148,0.05,14.2,14.2,0,0,
^VIX,2016-08-24,VIX,2016-08-24,12,C,0,0,0,0,0,291,2.35,2886,2.75,14.24,14.24,3547,2.45,2422,2.8,14.2,14.2,0,13,
^VIX,2016-08-25,VIX,2016-08-25,12,P,0,0,0,0,0,0,0,4988,0.05,14.24,14.24,0,0,4880,0.05,14.2,14.2,0,1,
^VIX,2016-08-26,VIX,2016-08-26,12.5,C,2.4,2.4,2.4,2.4,1,259,1.9,2313,2.25,14.24,14.24,259,2,1804,2.3,14.2,14.2,2.4,1,
^VIX,2016-08-27,VIX,2016-08-27,12.5,P,0,0,0,0,0,0,0,3426,0.05,14.24,14.24,0,0,3680,0.05,14.2,14.2,0,2,
^VIX,2016-08-28,VIX,2016-08-28,13,C,2.1,2.15,1.7,1.7,213,1027,1.45,2003,1.75,14.24,14.24,755,1.55,300,1.8,14.2,14.2,1.931,101,
^VIX,2016-08-29,VIX,2016-08-29,13,P,0.03,0.1,0.03,0.1,11,0,0,5109,0.1,14.24,14.24,0,0,6049,0.1,14.2,14.2,0.0936,45,
^VIX,2016-08-30,VIX,2016-08-30,13.5,C,1.25,1.25,1.25,1.25,1,1395,1.05,1471,1.3,14.24,14.24,2767,1.1,366,1.35,14.2,14.2,1.25,84,
^VIX,2016-08-31,VIX,2016-08-31,13.5,P,0,0,0,0,0,4167,0.05,4282,0.2,14.24,14.24,0,0,5799,0.2,14.2,14.2,0,22,
^VIX,2016-09-01,VIX,2016-09-01,14,C,1.3,1.5,0.95,0.95,175,219,0.8,3010,0.95,14.24,14.24,130,0.9,10,0.95,14.2,14.2,1.032,1136,
^VIX,2016-09-02,VIX,2016-09-02,14,P,0.1,0.25,0.1,0.25,623,2845,0.2,1,0.35,14.24,14.24,10,0.25,271,0.3,14.2,14.2,0.2455,7302,
^VIX,2016-09-03,VIX,2016-09-03,14.5,C,1,1.1,0.65,0.65,55,265,0.55,4233,0.7,14.24,14.24,3499,0.55,4249,0.75,14.2,14.2,0.7764,303,
^VIX,2016-09-04,VIX,2016-09-04,14.5,P,0.3,0.55,0.3,0.55,67,1939,0.45,1893,0.65,14.24,14.24,4331,0.4,2690,0.6,14.2,14.2,0.4485,152,
^VIX,2016-09-05,VIX,2016-09-05,15,C,0.9,0.95,0.5,0.5,82,3698,0.35,221,0.5,14.24,14.24,6722,0.35,3932,0.55,14.2,14.2,0.6689,1208,
^VIX,2016-09-06,VIX,2016-09-06,15,P,0.55,0.9,0.52,0.75,99,5013,0.75,246,0.95,14.24,14.24,5032,0.7,2773,0.95,14.2,14.2,0.6159,8396,
^VIX,2016-09-07,VIX,2016-09-07,16,C,0.5,0.5,0.25,0.25,5127,1,0.2,6074,0.3,14.24,14.24,1,0.2,100,0.25,14.2,14.2,0.2509,6782,
^VIX,2016-09-08,VIX,2016-09-08,16,P,1.4,1.6,1.4,1.4,2515,480,1.55,1325,1.8,14.24,14.24,480,1.5,3070,1.75,14.2,14.2,1.5976,5988,
^VIX,2016-09-09,VIX,2016-09-09,17,C,0.25,0.25,0.18,0.18,109,6292,0.05,7008,0.2,14.24,14.24,8080,0.05,5334,0.2,14.2,14.2,0.2087,1195,
^VIX,2016-09-10,VIX,2016-09-10,17,P,0,0,0,0,0,2869,2.4,1173,2.75,14.24,14.24,3664,2.35,2069,2.65,14.2,14.2,0,238,
^VIX,2016-09-11,VIX,2016-09-11,18,C,0.15,0.15,0.15,0.15,5,299,0.05,8270,0.15,14.24,14.24,225,0.05,6857,0.15,14.2,14.2,0.15,1156,
^VIX,2016-09-12,VIX,2016-09-12,18,P,3,3,3,3,3,4720,3.3,556,3.7,14.24,14.24,2487,3.3,1980,3.6,14.2,14.2,3,604,
^VIX,2016-09-13,VIX,2016-09-13,19,C,0.15,0.15,0.05,0.05,211,0,0,6285,0.1,14.24,14.24,100,0.05,5318,0.1,14.2,14.2,0.0974,836,
^VIX,2016-09-14,VIX,2016-09-14,19,P,0,0,0,0,0,4161,4.3,1349,4.7,14.24,14.24,6720,4.2,3364,4.6,14.2,14.2,0,5,
^VIX,2016-09-15,VIX,2016-09-15,20,C,0.1,0.1,0.05,0.05,445,0,0,272,0.05,14.24,14.24,0,0,10,0.05,14.2,14.2,0.0511,842,
^VIX,2016-09-16,VIX,2016-09-16,20,P,0,0,0,0,0,2375,5.3,5397,5.8,14.24,14.24,5391,5.2,3158,5.6,14.2,14.2,0,0,
^VIX,2016-09-17,VIX,2016-09-17,21,C,0,0,0,0,0,0,0,351,0.05,14.24,14.24,0,0,384,0.05,14.2,14.2,0,605,
^VIX,2016-09-18,VIX,2016-09-18,21,P,0,0,0,0,0,1631,6.3,5418,6.8,14.24,14.24,4883,6.2,3744,6.6,14.2,14.2,0,251,
^VIX,2016-09-19,VIX,2016-09-19,22,C,0,0,0,0,0,0,0,3055,0.05,14.24,14.24,0,0,2839,0.05,14.2,14.2,0,242,
^VIX,2016-09-20,VIX,2016-09-20,22,P,0,0,0,0,0,1058,7.3,5538,7.8,14.24,14.24,3963,7.2,4311,7.6,14.2,14.2,0,200,
^VIX,2016-09-21,VIX,2016-09-21,23,C,0,0,0,0,0,0,0,5610,0.05,14.24,14.24,0,0,5151,0.05,14.2,14.2,0,2980,
^VIX,2016-09-22,VIX,2016-09-22,23,P,0,0,0,0,0,5700,8.2,2363,8.7,14.24,14.24,3213,8.2,4865,8.6,14.2,14.2,0,0,
^VIX,2016-09-23,VIX,2016-09-23,24,C,0,0,0,0,0,0,0,5369,0.05,14.24,14.24,0,0,5123,0.05,14.2,14.2,0,8436,
^VIX,2016-09-24,VIX,2016-09-24,24,P,0,0,0,0,0,5790,9.2,2903,9.7,14.24,14.24,2701,9.2,5388,9.6,14.2,14.2,0,200,
^VIX,2016-09-25,VIX,2016-09-25,25,C,0.03,0.03,0.03,0.03,1,0,0,5594,0.05,14.24,14.24,0,0,5391,0.05,14.2,14.2,0.03,851,
^VIX,2016-09-26,VIX,2016-09-26,25,P,0,0,0,0,0,5342,10.2,3245,10.7,14.24,14.24,2175,10.2,5680,10.6,14.2,14.2,0,0,
^VIX,2016-09-27,VIX,2016-09-27,26,C,0,0,0,0,0,0,0,5672,0.05,14.24,14.24,0,0,5571,0.05,14.2,14.2,0,750,
^VIX,2016-09-28,VIX,2016-09-28,26,P,0,0,0,0,0,4392,11.2,2907,11.7,14.24,14.24,1852,11.2,5680,11.6,14.2,14.2,0,0,
^VIX,2016-09-29,VIX,2016-09-29,27,C,0,0,0,0,0,0,0,5779,0.05,14.24,14.24,0,0,5570,0.05,14.2,14.2,0,3005,
^VIX,2016-09-30,VIX,2016-09-30,27,P,0,0,0,0,0,4212,12.2,3112,12.7,14.24,14.24,5574,12.1,5770,12.6,14.2,14.2,0,0,
^VIX,2016-10-01,VIX,2016-10-01,28,C,0,0,0,0,0,0,0,5779,0.05,14.24,14.24,0,0,5570,0.05,14.2,14.2,0,250,
^VIX,2016-10-02,VIX,2016-10-02,28,P,0,0,0,0,0,4152,13.2,3208,13.7,14.24,14.24,4927,13.1,5170,13.6,14.2,14.2,0,0,
^VIX,2016-10-03,VIX,2016-10-03,29,C,0,0,0,0,0,0,0,5889,0.05,14.24,14.24,0,0,5758,0.05,14.2,14.2,0,0,
^VIX,2016-10-04,VIX,2016-10-04,29,P,0,0,0,0,0,4250,14.2,3271,14.7,14.24,14.24,4935,14.1,5170,14.6,14.2,14.2,0,0,
^VIX,2016-10-05,VIX,2016-10-05,30,C,0,0,0,0,0,0,0,5983,0.05,14.24,14.24,0,0,5746,0.05,14.2,14.2,0,335,
^VIX,2016-10-06,VIX,2016-10-06,30,P,0,0,0,0,0,4299,15.2,3175,15.7,14.24,14.24,4899,15.1,5110,15.6,14.2,14.2,0,6,
^VIX,2016-10-07,VIX,2016-10-07,32.5,C,0,0,0,0,0,0,0,6073,0.05,14.24,14.24,0,0,6036,0.05,14.2,14.2,0,100,
^VIX,2016-10-08,VIX,2016-10-08,32.5,P,0,0,0,0,0,4839,17.7,3077,18.2,14.24,14.24,2069,17.7,5010,18.1,14.2,14.2,0,0,
^VIX,2016-10-09,VIX,2016-10-09,35,C,0,0,0,0,0,0,0,6484,0.05,14.24,14.24,0,0,6239,0.05,14.2,14.2,0,215,
^VIX,2016-10-10,VIX,2016-10-10,35,P,0,0,0,0,0,5005,20.2,3016,20.7,14.24,14.24,2510,20.2,5010,20.6,14.2,14.2,0,0,
^VIX,2016-10-11,VIX,2016-10-11,37.5,C,0,0,0,0,0,0,0,6631,0.05,14.24,14.24,0,0,6500,0.05,14.2,14.2,0,0,
^VIX,2016-10-12,VIX,2016-10-12,37.5,P,0,0,0,0,0,5010,22.7,3040,23.2,14.24,14.24,2827,22.7,5007,23.1,14.2,14.2,0,0,
^VIX,2016-10-13,VIX,2016-10-13,40,C,0,0,0,0,0,0,0,6791,0.05,14.24,14.24,0,0,6688,0.05,14.2,14.2,0,375,
^VIX,2016-10-14,VIX,2016-10-14,40,P,0,0,0,0,0,5110,25.2,3176,25.7,14.24,14.24,3147,25.2,5100,25.6,14.2,14.2,0,0,
^VIX,2016-10-15,VIX,2016-10-15,42.5,C,0,0,0,0,0,0,0,9317,0.05,14.24,14.24,0,0,9291,0.05,14.2,14.2,0,0,
^VIX,2016-10-16,VIX,2016-10-16,42.5,P,0,0,0,0,0,5110,27.7,4976,28.2,14.24,14.24,5110,27.7,5077,28.1,14.2,14.2,0,0,
^VIX,2016-10-17,VIX,2016-10-17,45,C,0,0,0,0,0,0,0,9337,0.05,14.24,14.24,0,0,9312,0.05,14.2,14.2,0,0,
^VIX,2016-10-18,VIX,2016-10-18,45,P,0,0,0,0,0,5110,30.2,4987,30.7,14.24,14.24,5110,30.2,5087,30.6,14.2,14.2,0,0,
^VIX,2016-10-19,VIX,2016-10-19,47.5,C,0,0,0,0,0,0,0,9355,0.05,14.24,14.24,0,0,9323,0.05,14.2,14.2,0,0,
^VIX,2016-10-20,VIX,2016-10-20,47.5,P,0,0,0,0,0,5110,32.7,5003,33.2,14.24,14.24,5010,32.7,5098,33.1,14.2,14.2,0,0,
^VIX,2016-10-21,VIX,2016-10-21,50,C,0,0,0,0,0,0,0,9275,0.05,14.24,14.24,0,0,9340,0.05,14.2,14.2,0,0,
^VIX,2016-10-22,VIX,2016-10-22,50,P,0,0,0,0,0,5110,35.2,5007,35.7,14.24,14.24,5010,35.2,5107,35.6,14.2,14.2,0,0,
^VIX,2016-10-23,VIX,2016-10-23,55,C,0,0,0,0,0,0,0,9367,0.05,14.24,14.24,0,0,9342,0.05,14.2,14.2,0,0,
^VIX,2016-10-24,VIX,2016-10-24,55,P,0,0,0,0,0,5110,40.2,5019,40.7,14.24,14.24,5010,40.2,5109,40.6,14.2,14.2,0,0,
^VIX,2016-10-25,VIX,2016-10-25,60,C,0,0,0,0,0,0,0,9369,0.05,14.24,14.24,0,0,9344,0.05,14.2,14.2,0,0,
^VIX,2016-10-26,VIX,2016-10-26,60,P,0,0,0,0,0,5109,45.2,5020,45.7,14.24,14.24,5009,45.2,5110,45.6,14.2,14.2,0,0,
^VIX,2016-10-27,VIX,2016-10-27,65,C,0,0,0,0,0,0,0,9365,0.05,14.24,14.24,0,0,9250,0.05,14.2,14.2,0,0,
^VIX,2016-10-28,VIX,2016-10-28,65,P,0,0,0,0,0,5109,50.2,5020,50.7,14.24,14.24,5009,50.2,5110,50.6,14.2,14.2,0,0,
^VIX,2016-10-29,VIX,2016-10-29,70,C,0,0,0,0,0,0,0,9365,0.05,14.24,14.24,0,0,9250,0.05,14.2,14.2,0,0,
^VIX,2016-10-30,VIX,2016-10-30,70,P,0,0,0,0,0,5109,55.2,5020,55.7,14.24,14.24,5009,55.2,5110,55.6,14.2,14.2,0,0,
^VIX,2016-10-31,VIX,2016-10-31,10,C,5.8,5.8,5.8,5.8,5,8291,5.1,961,5.3,14.24,14.24,4660,5.2,6420,5.4,14.2,14.2,5.8,5067,
^VIX,2016-11-01,VIX,2016-11-01,10,P,0,0,0,0,0,0,0,15539,0.05,14.24,14.24,0,0,13618,0.05,14.2,14.2,0,735,
^VIX,2016-11-02,VIX,2016-11-02,10.5,C,0,0,0,0,0,7924,4.6,329,4.8,14.24,14.24,4516,4.7,6406,4.9,14.2,14.2,0,0,
^VIX,2016-11-03,VIX,2016-11-03,10.5,P,0,0,0,0,0,0,0,13997,0.05,14.24,14.24,0,0,11608,0.05,14.2,14.2,0,0,
^VIX,2016-11-04,VIX,2016-11-04,11,C,0,0,0,0,0,9612,4.1,1749,4.3,14.24,14.24,4297,4.2,6477,4.4,14.2,14.2,0,7,
^VIX,2016-11-05,VIX,2016-11-05,11,P,0,0,0,0,0,0,0,14578,0.05,14.24,14.24,0,0,12203,0.05,14.2,14.2,0,266,
^VIX,2016-11-06,VIX,2016-11-06,11.5,C,0,0,0,0,0,9617,3.6,2343,3.8,14.24,14.24,3885,3.7,6637,3.9,14.2,14.2,0,0,
^VIX,2016-11-07,VIX,2016-11-07,11.5,P,0,0,0,0,0,0,0,14878,0.05,14.24,14.24,0,0,12031,0.05,14.2,14.2,0,0,
^VIX,2016-11-08,VIX,2016-11-08,12,C,0,0,0,0,0,12359,3.1,5544,3.3,14.24,14.24,6708,3.2,10283,3.4,14.2,14.2,0,87,
^VIX,2016-11-09,VIX,2016-11-09,12,P,0,0,0,0,0,0,0,14559,0.05,14.24,14.24,0,0,12056,0.05,14.2,14.2,0,693,
^VIX,2016-11-10,VIX,2016-11-10,12.5,C,3.4,3.4,3.4,3.4,1,7566,2.65,4029,2.8,14.24,14.24,8095,2.7,9241,2.9,14.2,14.2,3.4,358,
^VIX,2016-11-11,VIX,2016-11-11,12.5,P,0,0,0,0,0,0,0,14207,0.05,14.24,14.24,0,0,12247,0.05,14.2,14.2,0,8,
^VIX,2016-11-12,VIX,2016-11-12,13,C,3,3,2.23,2.3,44,4711,2.2,928,2.3,14.24,14.24,2884,2.25,4641,2.4,14.2,14.2,2.5961,1568,
^VIX,2016-11-13,VIX,2016-11-13,13,P,0.05,0.05,0.03,0.05,5805,0,0,443,0.05,14.24,14.24,0,0,3460,0.05,14.2,14.2,0.0394,14732,
^VIX,2016-11-14,VIX,2016-11-14,13.5,C,1.82,1.95,1.82,1.95,196,14521,1.75,185,1.85,14.24,14.24,9480,1.8,3036,1.95,14.2,14.2,1.8549,1433,
^VIX,2016-11-15,VIX,2016-11-15,13.5,P,0.07,0.1,0.07,0.1,1102,8757,0.1,18792,0.15,14.24,14.24,19677,0.05,14515,0.15,14.2,14.2,0.0974,13242,
^VIX,2016-11-16,VIX,2016-11-16,14,C,1.96,2.1,1.45,1.53,621,12940,1.4,2611,1.5,14.24,14.24,6450,1.45,160,1.55,14.2,14.2,1.6957,2660,
^VIX,2016-11-17,VIX,2016-11-17,14,P,0.15,0.25,0.1,0.2,6739,26787,0.2,630,0.25,14.24,14.24,4215,0.2,2421,0.25,14.2,14.2,0.2114,84667,
^VIX,2016-11-18,VIX,2016-11-18,14.5,C,1.63,1.75,1.15,1.2,490,13687,1.1,4462,1.2,14.24,14.24,2759,1.15,2396,1.25,14.2,14.2,1.2832,2621,
^VIX,2016-11-19,VIX,2016-11-19,14.5,P,0.31,0.45,0.25,0.4,3721,17627,0.4,388,0.45,14.24,14.24,15315,0.35,3019,0.45,14.2,14.2,0.3487,105154,
^VIX,2016-11-20,VIX,2016-11-20,15,C,1.25,1.4,0.9,0.95,4360,19170,0.85,9252,0.95,14.24,14.24,7486,0.9,10101,1,14.2,14.2,1.0321,37945,
^VIX,2016-11-21,VIX,2016-11-21,15,P,0.55,0.7,0.4,0.67,18150,17449,0.65,2,0.7,14.24,14.24,6,0.65,1406,0.7,14.2,14.2,0.5045,191690,
^VIX,2016-11-22,VIX,2016-11-22,16,C,0.95,0.95,0.56,0.6,5841,13324,0.55,1703,0.6,14.24,14.24,12190,0.55,10444,0.65,14.2,14.2,0.7236,45528,
^VIX,2016-11-23,VIX,2016-11-23,16,P,1.1,1.35,0.98,1.35,6884,18450,1.3,11145,1.4,14.24,14.24,6999,1.25,11234,1.4,14.2,14.2,1.1671,130497,
^VIX,2016-11-24,VIX,2016-11-24,17,C,0.6,0.65,0.4,0.4,8516,16686,0.35,1015,0.4,14.24,14.24,13171,0.35,13204,0.45,14.2,14.2,0.5832,94162,
^VIX,2016-11-25,VIX,2016-11-25,17,P,1.78,2.15,1.63,2.15,5222,6,2.15,1387,2.2,14.24,14.24,35,2.1,9628,2.2,14.2,14.2,1.7567,155374,
^VIX,2016-11-26,VIX,2016-11-26,18,C,0.45,0.45,0.29,0.3,12097,11779,0.25,15412,0.3,14.24,14.24,8383,0.25,1954,0.3,14.2,14.2,0.3446,126323,
^VIX,2016-11-27,VIX,2016-11-27,18,P,2.55,3,2.5,3,2704,5781,3,10056,3.1,14.24,14.24,6433,2.9,5,3,14.2,14.2,2.6187,105475,
^VIX,2016-11-28,VIX,2016-11-28,19,C,0.35,0.35,0.2,0.2,795,23651,0.15,25642,0.25,14.24,14.24,17354,0.15,16539,0.25,14.2,14.2,0.2764,127744,
^VIX,2016-11-29,VIX,2016-11-29,19,P,3.4,3.89,3.38,3.89,1571,13458,3.9,20183,4.1,14.24,14.24,10932,3.8,9458,4,14.2,14.2,3.6026,60582,
^VIX,2016-11-30,VIX,2016-11-30,20,C,0.25,0.3,0.15,0.16,7783,1,0.15,26706,0.2,14.24,14.24,19571,0.1,18044,0.2,14.2,14.2,0.2415,186443,
^VIX,2016-12-01,VIX,2016-12-01,20,P,4.4,5,4.4,5,11,15986,4.8,13264,5,14.24,14.24,3481,4.8,11821,5,14.2,14.2,4.4545,96223,
^VIX,2016-12-02,VIX,2016-12-02,21,C,0.2,0.2,0.13,0.13,3837,16141,0.1,21625,0.15,14.24,14.24,12453,0.1,10428,0.15,14.2,14.2,0.1774,80627,
^VIX,2016-12-03,VIX,2016-12-03,21,P,0,0,0,0,0,12950,5.8,15624,6,14.24,14.24,10349,5.7,11662,6,14.2,14.2,0,22026,
^VIX,2016-12-04,VIX,2016-12-04,22,C,0.15,0.15,0.1,0.1,4095,114,0.1,27724,0.15,14.24,14.24,111,0.1,20657,0.15,14.2,14.2,0.1109,259762,
^VIX,2016-12-05,VIX,2016-12-05,22,P,0,0,0,0,0,10888,6.8,17009,7,14.24,14.24,10235,6.7,3756,6.9,14.2,14.2,0,3152,
^VIX,2016-12-06,VIX,2016-12-06,23,C,0.15,0.15,0.1,0.1,1471,23569,0.05,290,0.1,14.24,14.24,19054,0.05,303,0.1,14.2,14.2,0.1056,147764,
^VIX,2016-12-07,VIX,2016-12-07,23,P,7.3,7.3,7.3,7.3,150,5534,7.8,17253,8,14.24,14.24,7739,7.7,4550,7.9,14.2,14.2,7.3,8552,
^VIX,2016-12-08,VIX,2016-12-08,24,C,0.1,0.1,0.1,0.1,2122,19188,0.05,20713,0.1,14.24,14.24,14278,0.05,12949,0.1,14.2,14.2,0.1,123357,
^VIX,2016-12-09,VIX,2016-12-09,24,P,8.74,8.74,8.74,8.74,250,1642,8.8,15615,9,14.24,14.24,6348,8.7,9915,8.9,14.2,14.2,8.74,4551,
^VIX,2016-12-10,VIX,2016-12-10,25,C,0.15,0.15,0.08,0.1,10145,10282,0.05,24301,0.1,14.24,14.24,7596,0.05,17235,0.1,14.2,14.2,0.0803,374224,
^VIX,2016-12-11,VIX,2016-12-11,25,P,0,0,0,0,0,533,9.8,13351,10,14.24,14.24,4806,9.7,7996,9.9,14.2,14.2,0,11467,
^VIX,2016-12-12,VIX,2016-12-12,26,C,0.1,0.1,0.1,0.1,1,2856,0.05,25677,0.1,14.24,14.24,3317,0.05,19615,0.1,14.2,14.2,0.1,140506,
^VIX,2016-12-13,VIX,2016-12-13,26,P,0,0,0,0,0,533,10.8,15005,11,14.24,14.24,3746,10.7,7977,10.9,14.2,14.2,0,2127,
^VIX,2016-12-14,VIX,2016-12-14,27,C,0.05,0.05,0.05,0.05,3,649,0.05,28097,0.1,14.24,14.24,619,0.05,21234,0.1,14.2,14.2,0.05,106791,
^VIX,2016-12-15,VIX,2016-12-15,27,P,11.2,11.2,11.2,11.2,1,15902,11.7,14706,12,14.24,14.24,3105,11.7,8819,11.9,14.2,14.2,11.2,634,
^VIX,2016-12-16,VIX,2016-12-16,28,C,0.05,0.05,0.05,0.05,613,0,0,200,0.05,14.24,14.24,0,0,197,0.05,14.2,14.2,0.05,119238,
^VIX,2016-12-17,VIX,2016-12-17,28,P,0,0,0,0,0,13428,12.7,12434,13,14.24,14.24,9927,12.6,8310,12.9,14.2,14.2,0,1131,
^VIX,2016-12-18,VIX,2016-12-18,29,C,0.05,0.05,0.05,0.05,3,0,0,3078,0.05,14.24,14.24,0,0,1400,0.05,14.2,14.2,0.05,43867,
^VIX,2016-12-19,VIX,2016-12-19,29,P,0,0,0,0,0,13316,13.7,8157,13.9,14.24,14.24,9927,13.6,8487,13.9,14.2,14.2,0,101,
^VIX,2016-12-20,VIX,2016-12-20,30,C,0.05,0.05,0.05,0.05,64,0,0,5372,0.05,14.24,14.24,0,0,3549,0.05,14.2,14.2,0.05,211193,
^VIX,2016-12-21,VIX,2016-12-21,30,P,0,0,0,0,0,13088,14.7,9974,14.9,14.24,14.24,10160,14.6,8971,14.9,14.2,14.2,0,1561,
^VIX,2016-12-22,VIX,2016-12-22,32.5,C,0.05,0.05,0.05,0.05,350,0,0,13192,0.05,14.24,14.24,0,0,11761,0.05,14.2,14.2,0.05,87636,
^VIX,2016-12-23,VIX,2016-12-23,32.5,P,0,0,0,0,0,9933,17.2,10268,17.4,14.24,14.24,9617,17.1,8897,17.4,14.2,14.2,0,393,
^VIX,2016-12-24,VIX,2016-12-24,35,C,0,0,0,0,0,0,0,13968,0.05,14.24,14.24,0,0,12399,0.05,14.2,14.2,0,65232,
^VIX,2016-12-25,VIX,2016-12-25,35,P,0,0,0,0,0,9450,19.7,11986,19.9,14.24,14.24,10150,19.6,9779,19.9,14.2,14.2,0,283,
^VIX,2016-12-26,VIX,2016-12-26,37.5,C,0,0,0,0,0,0,0,15996,0.05,14.24,14.24,0,0,13800,0.05,14.2,14.2,0,33030,
^VIX,2016-12-27,VIX,2016-12-27,37.5,P,0,0,0,0,0,4326,22.2,10091,22.4,14.24,14.24,8602,22.1,1760,22.3,14.2,14.2,0,7,
^VIX,2016-12-28,VIX,2016-12-28,40,C,0,0,0,0,0,0,0,16065,0.05,14.24,14.24,0,0,13810,0.05,14.2,14.2,0,65878,
^VIX,2016-12-29,VIX,2016-12-29,40,P,0,0,0,0,0,3331,24.7,10738,24.9,14.24,14.24,7467,24.6,4024,24.8,14.2,14.2,0,128,
^VIX,2016-12-30,VIX,2016-12-30,42.5,C,0,0,0,0,0,0,0,16803,0.05,14.24,14.24,0,0,14514,0.05,14.2,14.2,0,53311,
^VIX,2016-12-31,VIX,2016-12-31,42.5,P,0,0,0,0,0,2644,27.2,10767,27.4,14.24,14.24,6687,27.1,4804,27.3,14.2,14.2,0,2,
^VIX,2017-01-01,VIX,2017-01-01,45,C,0,0,0,0,0,0,0,16241,0.05,14.24,14.24,0,0,13932,0.05,14.2,14.2,0,20557,
^VIX,2017-01-02,VIX,2017-01-02,45,P,0,0,0,0,0,2527,29.7,10375,29.9,14.24,14.24,6600,29.6,5165,29.8,14.2,14.2,0,103,
^VIX,2017-01-03,VIX,2017-01-03,47.5,C,0,0,0,0,0,0,0,15804,0.05,14.24,14.24,0,0,13483,0.05,14.2,14.2,0,3696,
^VIX,2017-01-04,VIX,2017-01-04,47.5,P,0,0,0,0,0,2077,32.2,10359,32.4,14.24,14.24,6600,32.1,5258,32.3,14.2,14.2,0,9,
^VIX,2017-01-05,VIX,2017-01-05,50,C,0,0,0,0,0,0,0,15903,0.05,14.24,14.24,0,0,14109,0.05,14.2,14.2,0,16387,
^VIX,2017-01-06,VIX,2017-01-06,50,P,0,0,0,0,0,2190,34.7,6790,34.9,14.24,14.24,6600,34.6,3120,34.8,14.2,14.2,0,42,
^VIX,2017-01-07,VIX,2017-01-07,55,C,0,0,0,0,0,0,0,16146,0.05,14.24,14.24,0,0,14346,0.05,14.2,14.2,0,1057,
^VIX,2017-01-08,VIX,2017-01-08,55,P,0,0,0,0,0,2350,39.7,6747,39.9,14.24,14.24,6600,39.6,3260,39.8,14.2,14.2,0,94,
^VIX,2017-01-09,VIX,2017-01-09,60,C,0,0,0,0,0,0,0,17301,0.05,14.24,14.24,0,0,14453,0.05,14.2,14.2,0,16363,
^VIX,2017-01-10,VIX,2017-01-10,60,P,0,0,0,0,0,3188,44.7,8480,44.9,14.24,14.24,6600,44.6,3545,44.8,14.2,14.2,0,0,
^VIX,2017-01-11,VIX,2017-01-11,65,C,0,0,0,0,0,0,0,16919,0.05,14.24,14.24,0,0,14034,0.05,14.2,14.2,0,198,
^VIX,2017-01-12,VIX,2017-01-12,65,P,0,0,0,0,0,2897,49.7,8497,49.9,14.24,14.24,6600,49.6,3996,49.8,14.2,14.2,0,0,
^VIX,2017-01-13,VIX,2017-01-13,70,C,0,0,0,0,0,0,0,17525,0.05,14.24,14.24,0,0,14610,0.05,14.2,14.2,0,1661,
^VIX,2017-01-14,VIX,2017-01-14,70,P,0,0,0,0,0,1563,54.7,8529,54.9,14.24,14.24,6600,54.6,4570,54.8,14.2,14.2,0,8,
^VIX,2017-01-15,VIX,2017-01-15,10,C,0,0,0,0,0,3360,5.2,4898,5.8,14.24,14.24,3357,5.3,4876,5.9,14.2,14.2,0,21,
^VIX,2017-01-16,VIX,2017-01-16,10,P,0,0,0,0,0,0,0,375,0.05,14.24,14.24,0,0,302,0.05,14.2,14.2,0,0,
^VIX,2017-01-17,VIX,2017-01-17,10.5,C,0,0,0,0,0,3170,4.7,4868,5.3,14.24,14.24,3165,4.8,4847,5.4,14.2,14.2,0,0,
^VIX,2017-01-18,VIX,2017-01-18,10.5,P,0,0,0,0,0,0,0,4556,0.05,14.24,14.24,0,0,4448,0.05,14.2,14.2,0,0,
^VIX,2017-01-19,VIX,2017-01-19,11,C,0,0,0,0,0,3670,4.2,5479,4.8,14.24,14.24,3054,4.3,4864,4.9,14.2,14.2,0,0,
^VIX,2017-01-20,VIX,2017-01-20,11,P,0,0,0,0,0,0,0,4591,0.05,14.24,14.24,0,0,4396,0.05,14.2,14.2,0,0,
^VIX,2017-01-21,VIX,2017-01-21,11.5,C,0,0,0,0,0,3739,3.7,5023,4.3,14.24,14.24,3690,3.8,5029,4.4,14.2,14.2,0,60,
^VIX,2017-01-22,VIX,2017-01-22,11.5,P,0,0,0,0,0,0,0,342,0.05,14.24,14.24,0,0,337,0.05,14.2,14.2,0,0,
^VIX,2017-01-23,VIX,2017-01-23,12,C,4,4,3.6,3.6,5,4172,3.2,3924,3.8,14.24,14.24,3934,3.3,3873,3.9,14.2,14.2,3.76,62,
^VIX,2017-01-24,VIX,2017-01-24,12,P,0,0,0,0,0,0,0,7738,0.1,14.24,14.24,0,0,7943,0.1,14.2,14.2,0,0,
^VIX,2017-01-25,VIX,2017-01-25,12.5,C,0,0,0,0,0,1735,2.8,2418,3.3,14.24,14.24,540,2.9,2656,3.4,14.2,14.2,0,162,
^VIX,2017-01-26,VIX,2017-01-26,12.5,P,0,0,0,0,0,0,0,360,0.1,14.24,14.24,0,0,409,0.1,14.2,14.2,0,25,
^VIX,2017-01-27,VIX,2017-01-27,13,C,3.2,3.2,3.2,3.2,10,183,2.5,2307,2.85,14.24,14.24,247,2.5,488,2.9,14.2,14.2,3.2,161,
^VIX,2017-01-28,VIX,2017-01-28,13,P,0.1,0.15,0.1,0.1,7935,5278,0.05,5074,0.2,14.24,14.24,4067,0.05,5302,0.2,14.2,14.2,0.125,62,
^VIX,2017-01-29,VIX,2017-01-29,13.5,C,0,0,0,0,0,2683,2,2120,2.4,14.24,14.24,4092,2.05,840,2.5,14.2,14.2,0,54,
^VIX,2017-01-30,VIX,2017-01-30,13.5,P,0,0,0,0,0,6668,0.1,3477,0.3,14.24,14.24,5364,0.1,4624,0.3,14.2,14.2,0,173,
^VIX,2017-01-31,VIX,2017-01-31,14,C,2.34,2.34,1.89,1.89,28,221,1.75,416,2.05,14.24,14.24,303,1.75,291,2.1,14.2,14.2,2.1514,810,
^VIX,2017-02-01,VIX,2017-02-01,14,P,0,0,0,0,0,5100,0.25,971,0.45,14.24,14.24,4293,0.25,3907,0.45,14.2,14.2,0,8505,
^VIX,2017-02-02,VIX,2017-02-02,14.5,C,1.8,1.8,1.8,1.8,5,2678,1.4,1244,1.7,14.24,14.24,4580,1.4,482,1.8,14.2,14.2,1.8,103,
^VIX,2017-02-03,VIX,2017-02-03,14.5,P,0,0,0,0,0,265,0.5,3308,0.7,14.24,14.24,10,0.5,2749,0.65,14.2,14.2,0,1003,
^VIX,2017-02-04,VIX,2017-02-04,15,C,0,0,0,0,0,185,1.25,404,1.45,14.24,14.24,260,1.25,4452,1.55,14.2,14.2,0,5173,
^VIX,2017-02-05,VIX,2017-02-05,15,P,0,0,0,0,0,3260,0.7,263,0.9,14.24,14.24,10,0.8,618,0.9,14.2,14.2,0,12784,
^VIX,2017-02-06,VIX,2017-02-06,16,C,1.25,1.27,0.96,0.96,14,1,0.9,511,1.05,14.24,14.24,1,0.95,484,1.1,14.2,14.2,1.085,204,
^VIX,2017-02-07,VIX,2017-02-07,16,P,1.08,1.39,1.08,1.35,7,3337,1.3,1,1.45,14.24,14.24,291,1.3,561,1.55,14.2,14.2,1.2743,73,
^VIX,2017-02-08,VIX,2017-02-08,17,C,0.85,0.85,0.75,0.75,49,1,0.7,484,0.8,14.24,14.24,1979,0.65,2136,0.85,14.2,14.2,0.7551,229,
^VIX,2017-02-09,VIX,2017-02-09,17,P,1.8,2.05,1.8,2.05,6,2893,2.05,1770,2.4,14.24,14.24,214,2,5389,2.4,14.2,14.2,1.9,8,
^VIX,2017-02-10,VIX,2017-02-10,18,C,0.6,0.6,0.5,0.5,25,2790,0.45,5012,0.65,14.24,14.24,4063,0.45,521,0.65,14.2,14.2,0.56,463,
^VIX,2017-02-11,VIX,2017-02-11,18,P,3,3,3,3,1,3352,2.85,5500,3.3,14.24,14.24,2424,2.8,4267,3.2,14.2,14.2,3,259,
^VIX,2017-02-12,VIX,2017-02-12,19,C,0.55,0.55,0.4,0.4,172,2193,0.35,30,0.4,14.24,14.24,2598,0.35,20,0.45,14.2,14.2,0.4157,527,
^VIX,2017-02-13,VIX,2017-02-13,19,P,0,0,0,0,0,2604,3.7,4498,4.2,14.24,14.24,3850,3.6,4806,4.1,14.2,14.2,0,218,
^VIX,2017-02-14,VIX,2017-02-14,20,C,0.4,0.4,0.35,0.4,30,2906,0.25,5282,0.4,14.24,14.24,4306,0.25,398,0.4,14.2,14.2,0.3833,214,
^VIX,2017-02-15,VIX,2017-02-15,20,P,0,0,0,0,0,2800,4.6,3974,5.1,14.24,14.24,3189,4.5,3278,5,14.2,14.2,0,59,
^VIX,2017-02-16,VIX,2017-02-16,21,C,0.35,0.35,0.3,0.3,15,1442,0.2,7275,0.35,14.24,14.24,2448,0.2,6148,0.35,14.2,14.2,0.3333,229,
^VIX,2017-02-17,VIX,2017-02-17,21,P,0,0,0,0,0,3403,5.5,2773,6,14.24,14.24,3930,5.4,6942,6,14.2,14.2,0,8,
^VIX,2017-02-18,VIX,2017-02-18,22,C,0,0,0,0,0,1509,0.15,8235,0.3,14.24,14.24,3643,0.15,7113,0.3,14.2,14.2,0,18507,
^VIX,2017-02-19,VIX,2017-02-19,22,P,0,0,0,0,0,4192,6.4,4357,7,14.24,14.24,4539,6.3,3845,6.9,14.2,14.2,0,35,
^VIX,2017-02-20,VIX,2017-02-20,23,C,0,0,0,0,0,5142,0.1,7852,0.25,14.24,14.24,4934,0.1,6763,0.25,14.2,14.2,0,1531,
^VIX,2017-02-21,VIX,2017-02-21,23,P,0,0,0,0,0,2815,7.4,1305,7.9,14.24,14.24,3102,7.3,4528,7.9,14.2,14.2,0,6,
^VIX,2017-02-22,VIX,2017-02-22,24,C,0.15,0.15,0.15,0.15,50,7051,0.05,6392,0.2,14.24,14.24,7149,0.05,5441,0.2,14.2,14.2,0.15,7687,
^VIX,2017-02-23,VIX,2017-02-23,24,P,0,0,0,0,0,2278,8.4,2175,8.9,14.24,14.24,2636,8.3,5983,8.9,14.2,14.2,0,0,
^VIX,2017-02-24,VIX,2017-02-24,25,C,0,0,0,0,0,379,0.1,211,0.15,14.24,14.24,379,0.1,206,0.15,14.2,14.2,0,2584,
^VIX,2017-02-25,VIX,2017-02-25,25,P,0,0,0,0,0,5182,9.3,3041,9.9,14.24,14.24,4870,9.2,2245,9.8,14.2,14.2,0,0,
^VIX,2017-02-26,VIX,2017-02-26,26,C,0,0,0,0,0,4347,0.05,6337,0.15,14.24,14.24,4347,0.05,4871,0.15,14.2,14.2,0,1501,
^VIX,2017-02-27,VIX,2017-02-27,26,P,0,0,0,0,0,4957,10.3,3660,10.9,14.24,14.24,5110,10.2,3404,10.8,14.2,14.2,0,0,
^VIX,2017-02-28,VIX,2017-02-28,27,C,0,0,0,0,0,0,0,7468,0.15,14.24,14.24,0,0,6924,0.15,14.2,14.2,0,1500,
^VIX,2017-03-01,VIX,2017-03-01,27,P,0,0,0,0,0,4300,11.3,3871,11.9,14.24,14.24,4403,11.2,3642,11.8,14.2,14.2,0,0,
^VIX,2017-03-02,VIX,2017-03-02,28,C,0,0,0,0,0,0,0,8156,0.15,14.24,14.24,0,0,7998,0.15,14.2,14.2,0,0,
^VIX,2017-03-03,VIX,2017-03-03,28,P,0,0,0,0,0,3935,12.3,4214,12.9,14.24,14.24,4093,12.2,4091,12.8,14.2,14.2,0,0,
^VIX,2017-03-04,VIX,2017-03-04,29,C,0,0,0,0,0,0,0,3603,0.1,14.24,14.24,0,0,1945,0.1,14.2,14.2,0,40,
^VIX,2017-03-05,VIX,2017-03-05,29,P,0,0,0,0,0,3604,13.3,4430,13.9,14.24,14.24,3646,13.2,4230,13.8,14.2,14.2,0,40,
^VIX,2017-03-06,VIX,2017-03-06,30,C,0.08,0.08,0.08,0.08,10,0,0,5044,0.1,14.24,14.24,0,0,4505,0.1,14.2,14.2,0.08,11,
^VIX,2017-03-07,VIX,2017-03-07,30,P,0,0,0,0,0,3308,14.3,4580,14.9,14.24,14.24,3329,14.2,4394,14.8,14.2,14.2,0,134,
^VIX,2017-03-08,VIX,2017-03-08,32.5,C,0,0,0,0,0,0,0,6408,0.1,14.24,14.24,0,0,6214,0.1,14.2,14.2,0,200,
^VIX,2017-03-09,VIX,2017-03-09,32.5,P,0,0,0,0,0,2610,16.8,4833,17.4,14.24,14.24,2683,16.7,4766,17.3,14.2,14.2,0,0,
^VIX,2017-03-10,VIX,2017-03-10,35,C,0.05,0.05,0.05,0.05,2,0,0,282,0.05,14.24,14.24,0,0,599,0.05,14.2,14.2,0.05,500,
^VIX,2017-03-11,VIX,2017-03-11,35,P,0,0,0,0,0,5720,19.2,1093,19.8,14.24,14.24,5810,19.1,4949,19.8,14.2,14.2,0,0,
^VIX,2017-03-12,VIX,2017-03-12,37.5,C,0,0,0,0,0,0,0,732,0.05,14.24,14.24,0,0,582,0.05,14.2,14.2,0,53,
^VIX,2017-03-13,VIX,2017-03-13,37.5,P,0,0,0,0,0,5810,21.7,1524,22.3,14.24,14.24,5810,21.6,4993,22.3,14.2,14.2,0,0,
^VIX,2017-03-14,VIX,2017-03-14,40,C,0,0,0,0,0,0,0,1912,0.05,14.24,14.24,0,0,630,0.05,14.2,14.2,0,200,
^VIX,2017-03-15,VIX,2017-03-15,40,P,0,0,0,0,0,5810,24.2,1849,24.8,14.24,14.24,5810,24.1,5086,24.8,14.2,14.2,0,0,
^VIX,2017-03-16,VIX,2017-03-16,42.5,C,0,0,0,0,0,0,0,2975,0.05,14.24,14.24,0,0,2901,0.05,14.2,14.2,0,0,
^VIX,2017-03-17,VIX,2017-03-17,42.5,P,0,0,0,0,0,5720,26.7,2088,27.3,14.24,14.24,5720,26.6,5098,27.3,14.2,14.2,0,0,
^VIX,2017-03-18,VIX,2017-03-18,45,C,0,0,0,0,0,0,0,3739,0.05,14.24,14.24,0,0,3649,0.05,14.2,14.2,0,0,
^VIX,2017-03-19,VIX,2017-03-19,45,P,0,0,0,0,0,5720,29.2,2390,29.8,14.24,14.24,5720,29.1,2377,29.7,14.2,14.2,0,0,
^VIX,2017-03-20,VIX,2017-03-20,47.5,C,0,0,0,0,0,0,0,4033,0.05,14.24,14.24,0,0,4047,0.05,14.2,14.2,0,2,
^VIX,2017-03-21,VIX,2017-03-21,47.5,P,0,0,0,0,0,5610,31.7,2763,32.3,14.24,14.24,5610,31.6,2753,32.2,14.2,14.2,0,0,
^VIX,2017-03-22,VIX,2017-03-22,50,C,0,0,0,0,0,0,0,4491,0.05,14.24,14.24,0,0,4397,0.05,14.2,14.2,0,25,
^VIX,2017-03-23,VIX,2017-03-23,50,P,0,0,0,0,0,5610,34.2,3027,34.8,14.24,14.24,5610,34.1,3018,34.7,14.2,14.2,0,0,
^VIX,2017-03-24,VIX,2017-03-24,55,C,0,0,0,0,0,0,0,5207,0.05,14.24,14.24,0,0,5074,0.05,14.2,14.2,0,0,
^VIX,2017-03-25,VIX,2017-03-25,55,P,0,0,0,0,0,5610,39.2,3492,39.8,14.24,14.24,5610,39.1,3485,39.7,14.2,14.2,0,0,
^VIX,2017-03-26,VIX,2017-03-26,60,C,0,0,0,0,0,0,0,5669,0.05,14.24,14.24,0,0,5531,0.05,14.2,14.2,0,0,
^VIX,2017-03-27,VIX,2017-03-27,60,P,0,0,0,0,0,5010,44.2,3324,44.8,14.24,14.24,5010,44.1,3317,44.7,14.2,14.2,0,0,
^VIX,2017-03-28,VIX,2017-03-28,65,C,0,0,0,0,0,0,0,5998,0.05,14.24,14.24,0,0,5855,0.05,14.2,14.2,0,0,
^VIX,2017-03-29,VIX,2017-03-29,65,P,0,0,0,0,0,5010,49.2,3688,49.8,14.24,14.24,5010,49.1,3681,49.7,14.2,14.2,0,0,
^VIX,2017-03-30,VIX,2017-03-30,70,C,0,0,0,0,0,0,0,6282,0.05,14.24,14.24,0,0,6030,0.05,14.2,14.2,0,0,
^VIX,2017-03-31,VIX,2017-03-31,70,P,0,0,0,0,0,5010,54.2,4040,54.8,14.24,14.24,5010,54.1,4032,54.7,14.2,14.2,0,0,
^VIX,2017-04-01,VIX,2017-04-01,10,C,0,0,0,0,0,5100,5.7,2266,6.2,14.24,14.24,3046,5.8,2270,6.3,14.2,14.2,0,10,
^VIX,2017-04-02,VIX,2017-04-02,10,P,0,0,0,0,0,0,0,4745,0.05,14.24,14.24,0,0,4555,0.05,14.2,14.2,0,0,
^VIX,2017-04-03,VIX,2017-04-03,10.5,C,0,0,0,0,0,5100,5.2,2267,5.7,14.24,14.24,2959,5.3,2274,5.8,14.2,14.2,0,0,
^VIX,2017-04-04,VIX,2017-04-04,10.5,P,0,0,0,0,0,0,0,4752,0.05,14.24,14.24,0,0,4564,0.05,14.2,14.2,0,0,
^VIX,2017-04-05,VIX,2017-04-05,11,C,0,0,0,0,0,5610,4.7,2642,5.2,14.24,14.24,3512,4.8,2659,5.3,14.2,14.2,0,0,
^VIX,2017-04-06,VIX,2017-04-06,11,P,0,0,0,0,0,0,0,4452,0.05,14.24,14.24,0,0,4390,0.05,14.2,14.2,0,0,
^VIX,2017-04-07,VIX,2017-04-07,11.5,C,0,0,0,0,0,1305,4.3,5454,4.8,14.24,14.24,3835,4.3,2258,4.8,14.2,14.2,0,0,
^VIX,2017-04-08,VIX,2017-04-08,11.5,P,0,0,0,0,0,0,0,7432,0.1,14.24,14.24,0,0,7458,0.1,14.2,14.2,0,0,
^VIX,2017-04-09,VIX,2017-04-09,12,C,0,0,0,0,0,2328,3.8,5157,4.3,14.24,14.24,4326,3.8,1392,4.3,14.2,14.2,0,0,
^VIX,2017-04-10,VIX,2017-04-10,12,P,0,0,0,0,0,0,0,6672,0.1,14.24,14.24,0,0,6509,0.1,14.2,14.2,0,0,
^VIX,2017-04-11,VIX,2017-04-11,12.5,C,0,0,0,0,0,540,3.4,3308,3.8,14.24,14.24,2103,3.4,3503,3.9,14.2,14.2,0,0,
^VIX,2017-04-12,VIX,2017-04-12,12.5,P,0,0,0,0,0,0,0,259,0.1,14.24,14.24,0,0,294,0.1,14.2,14.2,0,0,
^VIX,2017-04-13,VIX,2017-04-13,13,C,0,0,0,0,1,1557,2.95,1592,3.3,14.24,14.24,2546,2.95,1650,3.4,14.2,14.2,0,13,
^VIX,2017-04-14,VIX,2017-04-14,13,P,0.15,0.15,0.15,0.15,5100,6784,0.05,304,0.2,14.24,14.24,6289,0.05,6609,0.25,14.2,14.2,0.15,2,
^VIX,2017-04-15,VIX,2017-04-15,13.5,C,0,0,0,0,0,2885,2.55,2671,2.9,14.24,14.24,873,2.6,2437,3,14.2,14.2,0,6,
^VIX,2017-04-16,VIX,2017-04-16,13.5,P,0.15,0.15,0.15,0.15,10,5824,0.15,5432,0.35,14.24,14.24,5064,0.15,5661,0.35,14.2,14.2,0.15,10,
^VIX,2017-04-17,VIX,2017-04-17,14,C,2.79,2.79,2.63,2.63,4,4284,2.2,4005,2.55,14.24,14.24,4981,2.2,2781,2.6,14.2,14.2,2.75,40,
^VIX,2017-04-18,VIX,2017-04-18,14,P,0,0,0,0,0,4908,0.3,4975,0.5,14.24,14.24,2715,0.3,272,0.45,14.2,14.2,0,5301,
^VIX,2017-04-19,VIX,2017-04-19,14.5,C,0,0,0,0,0,4180,1.9,2592,2.2,14.24,14.24,4923,1.9,1182,2.25,14.2,14.2,0,15,
^VIX,2017-04-20,VIX,2017-04-20,14.5,P,0,0,0,0,0,5476,0.45,751,0.65,14.24,14.24,4444,0.45,2613,0.65,14.2,14.2,0,0,
^VIX,2017-04-21,VIX,2017-04-21,15,C,2.06,2.06,1.88,1.88,3,8,1.8,313,1.9,14.24,14.24,8,1.8,418,1.95,14.2,14.2,2,5137,
^VIX,2017-04-22,VIX,2017-04-22,15,P,0.55,0.79,0.55,0.79,3,4164,0.7,631,0.9,14.24,14.24,4677,0.65,1872,0.9,14.2,14.2,0.63,5108,
^VIX,2017-04-23,VIX,2017-04-23,16,C,1.65,1.65,1.45,1.45,9,3577,1.25,273,1.45,14.24,14.24,3921,1.25,315,1.5,14.2,14.2,1.5522,35,
^VIX,2017-04-24,VIX,2017-04-24,16,P,1.29,1.29,1.29,1.29,10,4888,1.25,259,1.45,14.24,14.24,1840,1.25,636,1.45,14.2,14.2,1.29,9,
^VIX,2017-04-25,VIX,2017-04-25,17,C,1.09,1.09,1.09,1.09,8,1768,1,423,1.15,14.24,14.24,1909,1,478,1.2,14.2,14.2,1.09,425,
^VIX,2017-04-26,VIX,2017-04-26,17,P,1.94,2.06,1.94,2.06,11,3465,1.95,366,2.15,14.24,14.24,3133,1.9,663,2.15,14.2,14.2,1.9509,2,
^VIX,2017-04-27,VIX,2017-04-27,18,C,1.03,1.03,0.87,0.87,11,3667,0.75,3322,0.95,14.24,14.24,1552,0.8,486,0.95,14.2,14.2,1.0155,35,
^VIX,2017-04-28,VIX,2017-04-28,18,P,0,0,0,0,0,4660,2.7,1929,3,14.24,14.24,265,2.7,3255,3,14.2,14.2,0,0,
^VIX,2017-04-29,VIX,2017-04-29,19,C,0.8,0.8,0.75,0.75,86,3438,0.6,1325,0.75,14.24,14.24,3246,0.6,3414,0.8,14.2,14.2,0.7994,354,
^VIX,2017-04-30,VIX,2017-04-30,19,P,0,0,0,0,0,5660,3.5,1991,3.9,14.24,14.24,2483,3.5,1701,3.8,14.2,14.2,0,0,
^VIX,2017-05-01,VIX,2017-05-01,20,C,0.63,0.63,0.54,0.54,760,2353,0.5,4935,0.65,14.24,14.24,2372,0.5,2122,0.65,14.2,14.2,0.5797,215,
^VIX,2017-05-02,VIX,2017-05-02,20,P,0,0,0,0,0,3796,4.4,5856,4.8,14.24,14.24,4293,4.3,7246,4.8,14.2,14.2,0,0,
^VIX,2017-05-03,VIX,2017-05-03,21,C,0.55,0.55,0.5,0.5,40,2581,0.4,5584,0.55,14.24,14.24,2528,0.4,3922,0.55,14.2,14.2,0.5125,5152,
^VIX,2017-05-04,VIX,2017-05-04,21,P,0,0,0,0,0,2900,5.3,4135,5.7,14.24,14.24,3282,5.2,5592,5.7,14.2,14.2,0,0,
^VIX,2017-05-05,VIX,2017-05-05,22,C,0.45,0.45,0.39,0.39,75,4526,0.3,5426,0.45,14.24,14.24,5079,0.3,3623,0.45,14.2,14.2,0.442,11018,
^VIX,2017-05-06,VIX,2017-05-06,22,P,0,0,0,0,0,3096,6.2,3408,6.6,14.24,14.24,3618,6.1,5104,6.6,14.2,14.2,0,0,
^VIX,2017-05-07,VIX,2017-05-07,23,C,0,0,0,0,0,3896,0.25,6619,0.4,14.24,14.24,3767,0.25,5719,0.4,14.2,14.2,0,0,
^VIX,2017-05-08,VIX,2017-05-08,23,P,0,0,0,0,0,3372,7.1,1634,7.5,14.24,14.24,343,7.1,3159,7.5,14.2,14.2,0,0,
^VIX,2017-05-09,VIX,2017-05-09,24,C,0.3,0.3,0.3,0.3,750,4203,0.2,7590,0.35,14.24,14.24,3909,0.2,6456,0.35,14.2,14.2,0.3,0,
^VIX,2017-05-10,VIX,2017-05-10,24,P,0,0,0,0,0,4898,8,3645,8.5,14.24,14.24,2381,8,5158,8.5,14.2,14.2,0,0,
^VIX,2017-05-11,VIX,2017-05-11,25,C,0,0,0,0,0,5222,0.15,7310,0.3,14.24,14.24,4651,0.15,6309,0.3,14.2,14.2,0,165,
^VIX,2017-05-12,VIX,2017-05-12,25,P,0,0,0,0,0,3067,9,4375,9.5,14.24,14.24,4100,8.9,2929,9.4,14.2,14.2,0,0,
^VIX,2017-05-13,VIX,2017-05-13,26,C,0,0,0,0,0,6920,0.1,6513,0.25,14.24,14.24,6768,0.1,5804,0.25,14.2,14.2,0,0,
^VIX,2017-05-14,VIX,2017-05-14,26,P,0,0,0,0,0,2273,10,2129,10.4,14.24,14.24,2491,9.9,3787,10.4,14.2,14.2,0,0,
^VIX,2017-05-15,VIX,2017-05-15,27,C,0,0,0,0,0,5160,0.1,4765,0.2,14.24,14.24,4836,0.1,2250,0.2,14.2,14.2,0,60,
^VIX,2017-05-16,VIX,2017-05-16,27,P,0,0,0,0,0,4470,10.9,3031,11.4,14.24,14.24,1660,10.9,4854,11.4,14.2,14.2,0,0,
^VIX,2017-05-17,VIX,2017-05-17,28,C,0.12,0.12,0.12,0.12,750,7963,0.05,7047,0.2,14.24,14.24,6960,0.05,5917,0.2,14.2,14.2,0.12,0,
^VIX,2017-05-18,VIX,2017-05-18,28,P,0,0,0,0,0,4079,11.9,3964,12.4,14.24,14.24,4278,11.8,5973,12.4,14.2,14.2,0,0,
^VIX,2017-05-19,VIX,2017-05-19,29,C,0,0,0,0,0,7120,0.05,8546,0.2,14.24,14.24,7039,0.05,7930,0.2,14.2,14.2,0,0,
^VIX,2017-05-20,VIX,2017-05-20,29,P,0,0,0,0,0,3480,12.9,4478,13.4,14.24,14.24,3749,12.8,2640,13.3,14.2,14.2,0,0,
^VIX,2017-05-21,VIX,2017-05-21,30,C,0,0,0,0,0,5,0.1,5850,0.15,14.24,14.24,5,0.1,5134,0.15,14.2,14.2,0,0,
^VIX,2017-05-22,VIX,2017-05-22,30,P,0,0,0,0,0,3073,13.9,5276,14.4,14.24,14.24,3142,13.8,3074,14.3,14.2,14.2,0,0,
^VIX,2017-05-23,VIX,2017-05-23,32.5,C,0.1,0.1,0.1,0.1,30,0,0,8161,0.15,14.24,14.24,0,0,8032,0.15,14.2,14.2,0.1,0,
^VIX,2017-05-24,VIX,2017-05-24,32.5,P,0,0,0,0,0,5620,16.3,1983,16.8,14.24,14.24,1661,16.3,4033,16.8,14.2,14.2,0,0,
^VIX,2017-05-25,VIX,2017-05-25,35,C,0.07,0.07,0.05,0.05,1250,400,0.05,5474,0.1,14.24,14.24,0,0,5102,0.1,14.2,14.2,0.062,500,
^VIX,2017-05-26,VIX,2017-05-26,35,P,0,0,0,0,0,4975,18.8,2694,19.3,14.24,14.24,5100,18.7,4780,19.3,14.2,14.2,0,0,
^VIX,2017-05-27,VIX,2017-05-27,37.5,C,0.05,0.05,0.05,0.05,115,0,0,6639,0.1,14.24,14.24,0,0,5420,0.1,14.2,14.2,0.05,10,
^VIX,2017-05-28,VIX,2017-05-28,37.5,P,0,0,0,0,0,4344,21.3,3127,21.8,14.24,14.24,4403,21.2,5204,21.8,14.2,14.2,0,0,
^VIX,2017-05-29,VIX,2017-05-29,40,C,0,0,0,0,0,0,0,544,0.05,14.24,14.24,0,0,614,0.05,14.2,14.2,0,125,
^VIX,2017-05-30,VIX,2017-05-30,40,P,0,0,0,0,0,4015,23.8,3654,24.3,14.24,14.24,4058,23.7,5376,24.3,14.2,14.2,0,0,
^VIX,2017-05-31,VIX,2017-05-31,42.5,C,0,0,0,0,0,0,0,496,0.05,14.24,14.24,0,0,588,0.05,14.2,14.2,0,0,
^VIX,2017-06-01,VIX,2017-06-01,42.5,P,0,0,0,0,0,3682,26.3,4042,26.8,14.24,14.24,3716,26.2,5561,26.8,14.2,14.2,0,0,
^VIX,2017-06-02,VIX,2017-06-02,45,C,0,0,0,0,0,0,0,1873,0.05,14.24,14.24,0,0,559,0.05,14.2,14.2,0,0,
^VIX,2017-06-03,VIX,2017-06-03,45,P,0,0,0,0,0,3435,28.8,4423,29.3,14.24,14.24,3461,28.7,5567,29.3,14.2,14.2,0,0,
^VIX,2017-06-04,VIX,2017-06-04,47.5,C,0,0,0,0,0,0,0,2597,0.05,14.24,14.24,0,0,2082,0.05,14.2,14.2,0,0,
^VIX,2017-06-05,VIX,2017-06-05,47.5,P,0,0,0,0,0,3204,31.3,4740,31.8,14.24,14.24,3134,31.2,2339,31.7,14.2,14.2,0,0,
^VIX,2017-06-06,VIX,2017-06-06,50,C,0,0,0,0,0,0,0,3080,0.05,14.24,14.24,0,0,3114,0.05,14.2,14.2,0,0,
^VIX,2017-06-07,VIX,2017-06-07,50,P,0,0,0,0,0,3028,33.8,5065,34.3,14.24,14.24,2954,33.7,2600,34.2,14.2,14.2,0,0,
^VIX,2017-06-08,VIX,2017-06-08,55,C,0,0,0,0,0,0,0,4517,0.05,14.24,14.24,0,0,4420,0.05,14.2,14.2,0,0,
^VIX,2017-06-09,VIX,2017-06-09,55,P,0,0,0,0,0,2770,38.8,5459,39.3,14.24,14.24,2781,38.7,3195,39.2,14.2,14.2,0,0,
^VIX,2017-06-10,VIX,2017-06-10,60,C,0,0,0,0,0,0,0,5017,0.05,14.24,14.24,0,0,4915,0.05,14.2,14.2,0,0,
^VIX,2017-06-11,VIX,2017-06-11,60,P,0,0,0,0,0,2558,43.8,5495,44.3,14.24,14.24,2566,43.7,3658,44.2,14.2,14.2,0,0,
^VIX,2017-06-12,VIX,2017-06-12,65,C,0,0,0,0,0,0,0,5566,0.05,14.24,14.24,0,0,5352,0.05,14.2,14.2,0,0,
^VIX,2017-06-13,VIX,2017-06-13,65,P,0,0,0,0,0,5495,48.7,1263,49.2,14.24,14.24,1779,48.7,3503,49.2,14.2,14.2,0,0,
^VIX,2017-06-14,VIX,2017-06-14,70,C,0,0,0,0,0,0,0,5649,0.05,14.24,14.24,0,0,5435,0.05,14.2,14.2,0,0,
^VIX,2017-06-15,VIX,2017-06-15,70,P,0,0,0,0,0,4683,53.7,4936,54.3,14.24,14.24,1624,53.7,3934,54.2,14.2,14.2,0,0,
^VIX,2017-06-16,VIX,2017-06-16,10,C,7.8,7.9,7.8,7.9,4,9040,7.3,8912,7.6,14.24,14.24,6900,7.4,3100,7.6,14.2,14.2,7.85,125,
^VIX,2017-06-17,VIX,2017-06-17,10,P,0,0,0,0,0,0,0,15747,0.05,14.24,14.24,0,0,13640,0.05,14.2,14.2,0,0,
^VIX,2017-06-18,VIX,2017-06-18,10.5,C,0,0,0,0,0,9641,6.8,9703,7.1,14.24,14.24,6900,6.9,2978,7.1,14.2,14.2,0,0,
^VIX,2017-06-19,VIX,2017-06-19,10.5,P,0,0,0,0,0,0,0,15004,0.05,14.24,14.24,0,0,13083,0.05,14.2,14.2,0,0,
^VIX,2017-06-20,VIX,2017-06-20,11,C,0,0,0,0,0,13291,6.3,13102,6.6,14.24,14.24,10450,6.4,2621,6.6,14.2,14.2,0,1,
^VIX,2017-06-21,VIX,2017-06-21,11,P,0,0,0,0,0,0,0,14674,0.05,14.24,14.24,0,0,12862,0.05,14.2,14.2,0,1,
^VIX,2017-06-22,VIX,2017-06-22,11.5,C,0,0,0,0,0,13395,5.8,14459,6.1,14.24,14.24,9804,5.9,1010,6.1,14.2,14.2,0,0,
^VIX,2017-06-23,VIX,2017-06-23,11.5,P,0,0,0,0,0,0,0,12340,0.05,14.24,14.24,0,0,10875,0.05,14.2,14.2,0,0,
^VIX,2017-06-24,VIX,2017-06-24,12,C,5.6,5.6,5.48,5.51,314,2669,5.4,14635,5.6,14.24,14.24,10661,5.4,10657,5.7,14.2,14.2,5.595,417,
^VIX,2017-06-25,VIX,2017-06-25,12,P,0,0,0,0,0,0,0,7746,0.05,14.24,14.24,0,0,8066,0.05,14.2,14.2,0,1573,
^VIX,2017-06-26,VIX,2017-06-26,12.5,C,0,0,0,0,0,12070,4.9,9591,5.1,14.24,14.24,5097,5,9069,5.2,14.2,14.2,0,3,
^VIX,2017-06-27,VIX,2017-06-27,12.5,P,0,0,0,0,0,7301,0.05,20484,0.1,14.24,14.24,0,0,14949,0.1,14.2,14.2,0,0,
^VIX,2017-06-28,VIX,2017-06-28,13,C,5,5,4.7,4.7,74,1541,4.5,16727,4.7,14.24,14.24,11478,4.5,802,4.7,14.2,14.2,4.8432,2165,
^VIX,2017-06-29,VIX,2017-06-29,13,P,0.15,0.15,0.12,0.12,179,9056,0.1,16914,0.15,14.24,14.24,1468,0.1,14285,0.15,14.2,14.2,0.1493,15312,
^VIX,2017-06-30,VIX,2017-06-30,13.5,C,0,0,0,0,0,14166,4,1012,4.2,14.24,14.24,10340,4.1,3356,4.3,14.2,14.2,0,312,
^VIX,2017-07-01,VIX,2017-07-01,13.5,P,0,0,0,0,0,19285,0.15,22129,0.25,14.24,14.24,13183,0.15,15681,0.25,14.2,14.2,0,487,
^VIX,2017-07-02,VIX,2017-07-02,14,C,4.1,4.1,3.8,3.81,33,4201,3.7,17344,3.9,14.24,14.24,11126,3.7,2660,3.9,14.2,14.2,3.9667,1510,
^VIX,2017-07-03,VIX,2017-07-03,14,P,0.25,0.3,0.25,0.3,372,2916,0.3,16369,0.35,14.24,14.24,14199,0.25,14331,0.35,14.2,14.2,0.2796,59660,
^VIX,2017-07-04,VIX,2017-07-04,14.5,C,3.61,3.61,3.6,3.6,2,16453,3.3,15189,3.5,14.24,14.24,8223,3.4,3,3.5,14.2,14.2,3.605,33,
^VIX,2017-07-05,VIX,2017-07-05,14.5,P,0,0,0,0,0,1828,0.45,16054,0.5,14.24,14.24,13553,0.4,13947,0.5,14.2,14.2,0,252,
^VIX,2017-07-06,VIX,2017-07-06,15,C,3.4,3.4,3.1,3.15,228,15706,3,17133,3.2,14.24,14.24,14666,3,13736,3.3,14.2,14.2,3.1944,1786,
^VIX,2017-07-07,VIX,2017-07-07,15,P,0.55,0.66,0.55,0.65,58,17732,0.6,20473,0.7,14.24,14.24,12169,0.6,15404,0.7,14.2,14.2,0.6428,94939,
^VIX,2017-07-08,VIX,2017-07-08,16,C,2.8,2.95,2.57,2.57,550,14009,2.5,15418,2.65,14.24,14.24,9679,2.55,25,2.65,14.2,14.2,2.7931,5333,
^VIX,2017-07-09,VIX,2017-07-09,16,P,1,1.1,1,1.1,5214,1047,1.1,11245,1.15,14.24,14.24,11129,1.05,14731,1.15,14.2,14.2,1.077,73062,
^VIX,2017-07-10,VIX,2017-07-10,17,C,2.25,2.28,2.15,2.22,692,9697,2.1,17144,2.2,14.24,14.24,3008,2.15,7878,2.25,14.2,14.2,2.1861,6833,
^VIX,2017-07-11,VIX,2017-07-11,17,P,1.54,1.7,1.51,1.65,1894,11849,1.65,21297,1.75,14.24,14.24,13265,1.6,3503,1.7,14.2,14.2,1.6438,37654,
^VIX,2017-07-12,VIX,2017-07-12,18,C,2.05,2.05,1.8,1.8,3872,1,1.8,9995,1.85,14.24,14.24,12576,1.8,7186,1.9,14.2,14.2,1.8943,28942,
^VIX,2017-07-13,VIX,2017-07-13,18,P,2.15,2.37,2.15,2.34,2054,16620,2.3,11445,2.4,14.24,14.24,14788,2.25,652,2.35,14.2,14.2,2.2568,80893,
^VIX,2017-07-14,VIX,2017-07-14,19,C,1.69,1.72,1.55,1.55,1049,12976,1.5,19755,1.6,14.24,14.24,816,1.55,315,1.6,14.2,14.2,1.6541,48502,
^VIX,2017-07-15,VIX,2017-07-15,19,P,2.87,3.06,2.83,3.05,3000,21164,3,22984,3.2,14.24,14.24,7772,3,6091,3.1,14.2,14.2,2.9184,64630,
^VIX,2017-07-16,VIX,2017-07-16,20,C,1.43,1.5,1.3,1.34,2346,1710,1.3,1551,1.35,14.24,14.24,13379,1.3,8785,1.4,14.2,14.2,1.3994,62681,
^VIX,2017-07-17,VIX,2017-07-17,20,P,3.66,3.71,3.66,3.71,100,14585,3.8,1253,3.9,14.24,14.24,16418,3.7,10397,3.9,14.2,14.2,3.685,29355,
^VIX,2017-07-18,VIX,2017-07-18,21,C,1.25,1.25,1.15,1.15,7476,14988,1.1,21869,1.2,14.24,14.24,15079,1.1,3461,1.2,14.2,14.2,1.1985,35847,
^VIX,2017-07-19,VIX,2017-07-19,21,P,0,0,0,0,0,17025,4.6,20139,4.8,14.24,14.24,924,4.6,9355,4.7,14.2,14.2,0,8397,
^VIX,2017-07-20,VIX,2017-07-20,22,C,1.1,1.1,1,1,2384,13918,0.95,30,1,14.24,14.24,15096,0.95,8994,1.05,14.2,14.2,1.0128,76150,
^VIX,2017-07-21,VIX,2017-07-21,22,P,0,0,0,0,0,19663,5.4,13243,5.6,14.24,14.24,9675,5.4,13016,5.6,14.2,14.2,0,6899,
^VIX,2017-07-22,VIX,2017-07-22,23,C,0.9,0.9,0.85,0.85,2686,18230,0.8,19120,0.9,14.24,14.24,2483,0.85,690,0.9,14.2,14.2,0.8744,156803,
^VIX,2017-07-23,VIX,2017-07-23,23,P,6.1,6.1,6.1,6.1,150,16859,6.3,17549,6.5,14.24,14.24,16380,6.2,15438,6.5,14.2,14.2,6.1,12728,
^VIX,2017-07-24,VIX,2017-07-24,24,C,0.8,0.8,0.73,0.75,978,17021,0.7,22394,0.8,14.24,14.24,15663,0.7,9587,0.8,14.2,14.2,0.7605,22536,
^VIX,2017-07-25,VIX,2017-07-25,24,P,0,0,0,0,0,14283,7.2,17839,7.4,14.24,14.24,14340,7.1,15662,7.4,14.2,14.2,0,2628,
^VIX,2017-07-26,VIX,2017-07-26,25,C,0.68,0.75,0.64,0.64,1934,18795,0.6,21490,0.7,14.24,14.24,16677,0.6,9994,0.7,14.2,14.2,0.6721,66473,
^VIX,2017-07-27,VIX,2017-07-27,25,P,0,0,0,0,0,14938,8.1,17115,8.3,14.24,14.24,13460,8,14356,8.3,14.2,14.2,0,2072,
^VIX,2017-07-28,VIX,2017-07-28,26,C,0.6,0.6,0.55,0.6,26630,2105,0.55,17564,0.6,14.24,14.24,10697,0.55,750,0.6,14.2,14.2,0.5939,13907,
^VIX,2017-07-29,VIX,2017-07-29,26,P,0,0,0,0,0,16179,9,14318,9.2,14.24,14.24,14270,8.9,13809,9.2,14.2,14.2,0,426,
^VIX,2017-07-30,VIX,2017-07-30,27,C,0.55,0.55,0.5,0.5,57006,19501,0.45,22820,0.55,14.24,14.24,17438,0.45,14278,0.55,14.2,14.2,0.5007,56756,
^VIX,2017-07-31,VIX,2017-07-31,27,P,0,0,0,0,0,15055,9.9,9361,10.1,14.24,14.24,3624,9.9,12264,10.1,14.2,14.2,0,930,
^VIX,2017-08-01,VIX,2017-08-01,28,C,0.45,0.5,0.45,0.45,1391,18078,0.4,150,0.45,14.24,14.24,16153,0.4,16023,0.5,14.2,14.2,0.4503,73105,
^VIX,2017-08-02,VIX,2017-08-02,28,P,0,0,0,0,0,8965,10.9,16872,11.1,14.24,14.24,10147,10.8,8011,11,14.2,14.2,0,0,
^VIX,2017-08-03,VIX,2017-08-03,29,C,0,0,0,0,0,16772,0.35,153,0.4,14.24,14.24,15861,0.35,16770,0.45,14.2,14.2,0,42329,
^VIX,2017-08-04,VIX,2017-08-04,29,P,0,0,0,0,0,15559,11.8,11234,12,14.24,14.24,597,11.8,12553,12,14.2,14.2,0,100,
^VIX,2017-08-05,VIX,2017-08-05,30,C,0.35,0.36,0.32,0.32,5916,19233,0.3,150,0.35,14.24,14.24,16005,0.3,19935,0.4,14.2,14.2,0.35,316299,
^VIX,2017-08-06,VIX,2017-08-06,30,P,0,0,0,0,0,7534,12.8,15731,13,14.24,14.24,9474,12.7,8870,12.9,14.2,14.2,0,5195,
^VIX,2017-08-07,VIX,2017-08-07,32.5,C,0.25,0.25,0.25,0.25,313,21648,0.2,22494,0.3,14.24,14.24,19345,0.2,16589,0.3,14.2,14.2,0.25,47488,
^VIX,2017-08-08,VIX,2017-08-08,32.5,P,0,0,0,0,0,8102,15.2,13652,15.4,14.24,14.24,8696,15.1,5403,15.3,14.2,14.2,0,0,
^VIX,2017-08-09,VIX,2017-08-09,35,C,0.22,0.22,0.2,0.2,268,19530,0.15,24176,0.25,14.24,14.24,18524,0.15,3,0.2,14.2,14.2,0.203,125158,
^VIX,2017-08-10,VIX,2017-08-10,35,P,0,0,0,0,0,13495,17.6,8717,17.8,14.24,14.24,12126,17.5,11778,17.8,14.2,14.2,0,5,
^VIX,2017-08-11,VIX,2017-08-11,37.5,C,0,0,0,0,0,20422,0.1,26537,0.2,14.24,14.24,17667,0.1,20542,0.2,14.2,14.2,0,3211,
^VIX,2017-08-12,VIX,2017-08-12,37.5,P,0,0,0,0,0,3699,20.1,13747,20.3,14.24,14.24,7075,20,8439,20.2,14.2,14.2,0,0,
^VIX,2017-08-13,VIX,2017-08-13,40,C,0.15,0.15,0.15,0.15,69,2369,0.1,23670,0.15,14.24,14.24,1901,0.1,17699,0.15,14.2,14.2,0.15,13822,
^VIX,2017-08-14,VIX,2017-08-14,40,P,0,0,0,0,0,14461,22.5,15090,22.8,14.24,14.24,1311,22.5,9874,22.7,14.2,14.2,0,3,
^VIX,2017-08-15,VIX,2017-08-15,42.5,C,0.1,0.1,0.1,0.1,400,18663,0.05,671,0.1,14.24,14.24,17425,0.05,1,0.1,14.2,14.2,0.1,16377,
^VIX,2017-08-16,VIX,2017-08-16,42.5,P,0,0,0,0,0,11397,25,1585,25.2,14.24,14.24,7897,24.9,9624,25.2,14.2,14.2,0,20,
^VIX,2017-08-17,VIX,2017-08-17,45,C,0,0,0,0,0,14263,0.05,17393,0.1,14.24,14.24,9459,0.05,12947,0.1,14.2,14.2,0,6797,
^VIX,2017-08-18,VIX,2017-08-18,45,P,0,0,0,0,0,6019,27.5,9298,27.7,14.24,14.24,6629,27.4,9716,27.7,14.2,14.2,0,11,
^VIX,2017-08-19,VIX,2017-08-19,47.5,C,0.05,0.05,0.05,0.05,7,0,0,16880,0.1,14.24,14.24,0,0,14317,0.1,14.2,14.2,0.05,1151,
^VIX,2017-08-20,VIX,2017-08-20,47.5,P,0,0,0,0,0,1132,30,11220,30.2,14.24,14.24,5604,29.9,5643,30.1,14.2,14.2,0,68,
^VIX,2017-08-21,VIX,2017-08-21,50,C,0,0,0,0,0,0,0,679,0.05,14.24,14.24,0,0,100,0.05,14.2,14.2,0,3983,
^VIX,2017-08-22,VIX,2017-08-22,50,P,0,0,0,0,0,701,32.5,12192,32.7,14.24,14.24,4112,32.4,7898,32.6,14.2,14.2,0,0,
^VIX,2017-08-23,VIX,2017-08-23,55,C,0,0,0,0,0,0,0,6776,0.05,14.24,14.24,0,0,4772,0.05,14.2,14.2,0,7684,
^VIX,2017-08-24,VIX,2017-08-24,55,P,0,0,0,0,0,11244,37.4,11673,37.7,14.24,14.24,1463,37.4,9605,37.6,14.2,14.2,0,0,
^VIX,2017-08-25,VIX,2017-08-25,60,C,0,0,0,0,0,0,0,10540,0.05,14.24,14.24,0,0,9447,0.05,14.2,14.2,0,2602,
^VIX,2017-08-26,VIX,2017-08-26,60,P,0,0,0,0,0,8795,42.4,10464,42.7,14.24,14.24,6729,42.3,10144,42.6,14.2,14.2,0,0,
^VIX,2017-08-27,VIX,2017-08-27,65,C,0,0,0,0,0,0,0,12339,0.05,14.24,14.24,0,0,10480,0.05,14.2,14.2,0,253,
^VIX,2017-08-28,VIX,2017-08-28,65,P,0,0,0,0,0,6814,47.4,10466,47.7,14.24,14.24,6629,47.3,10146,47.6,14.2,14.2,0,0,
^VIX,2017-08-29,VIX,2017-08-29,70,C,0,0,0,0,0,0,0,13506,0.05,14.24,14.24,0,0,11278,0.05,14.2,14.2,0,574,
^VIX,2017-08-30,VIX,2017-08-30,70,P,0,0,0,0,0,6118,52.4,766,52.6,14.24,14.24,6629,52.3,10147,52.6,14.2,14.2,0,10,
^VIX,2017-08-31,VIX,2017-08-31,75,C,0,0,0,0,0,0,0,13544,0.05,14.24,14.24,0,0,11887,0.05,14.2,14.2,0,108,
^VIX,2017-09-01,VIX,2017-09-01,75,P,0,0,0,0,0,5520,57.4,4402,57.6,14.24,14.24,6629,57.3,10248,57.6,14.2,14.2,0,0,
^VIX,2017-09-02,VIX,2017-09-02,80,C,0,0,0,0,0,0,0,14663,0.05,14.24,14.24,0,0,11866,0.05,14.2,14.2,0,540,
^VIX,2017-09-03,VIX,2017-09-03,80,P,0,0,0,0,0,3766,62.4,6416,62.6,14.24,14.24,6629,62.3,10247,62.6,14.2,14.2,0,0,
^VIX,2017-09-04,VIX,2017-09-04,10,C,8.2,8.2,8.2,8.2,2,3,8.2,7951,8.3,14.24,14.24,3,8.2,10292,8.4,14.2,14.2,8.2,56,
^VIX,2017-09-05,VIX,2017-09-05,10,P,0,0,0,0,0,0,0,14425,0.05,14.24,14.24,0,0,12756,0.05,14.2,14.2,0,0,
^VIX,2017-09-06,VIX,2017-09-06,11,C,0,0,0,0,0,12801,7.1,13110,7.4,14.24,14.24,10477,7.1,10203,7.4,14.2,14.2,0,16,
^VIX,2017-09-07,VIX,2017-09-07,11,P,0,0,0,0,0,0,0,12794,0.05,14.24,14.24,0,0,11249,0.05,14.2,14.2,0,10,
^VIX,2017-09-08,VIX,2017-09-08,12,C,6.3,6.32,6.3,6.32,12,1726,6.2,14727,6.4,14.24,14.24,9900,6.2,4784,6.4,14.2,14.2,6.3167,144,
^VIX,2017-09-09,VIX,2017-09-09,12,P,0,0,0,0,0,0,0,220,0.05,14.24,14.24,0,0,9,0.05,14.2,14.2,0,228,
^VIX,2017-09-10,VIX,2017-09-10,13,C,5.4,5.4,5.4,5.4,5,5716,5.3,14174,5.5,14.24,14.24,10029,5.3,3168,5.5,14.2,14.2,5.4,774,
^VIX,2017-09-11,VIX,2017-09-11,13,P,0.15,0.15,0.15,0.15,175,20823,0.1,19292,0.2,14.24,14.24,13941,0.1,13963,0.2,14.2,14.2,0.15,14705,
^VIX,2017-09-12,VIX,2017-09-12,14,C,4.8,4.8,4.7,4.7,11,12952,4.5,14350,4.7,14.24,14.24,11501,4.5,1274,4.7,14.2,14.2,4.7909,635,
^VIX,2017-09-13,VIX,2017-09-13,14,P,0.4,0.4,0.35,0.35,40,1691,0.35,15394,0.4,14.24,14.24,20,0.35,7127,0.4,14.2,14.2,0.375,23714,
^VIX,2017-09-14,VIX,2017-09-14,15,C,4.1,4.1,4,4,3,18280,3.8,13852,4,14.24,14.24,14519,3.8,11716,4.1,14.2,14.2,4.0667,773,
^VIX,2017-09-15,VIX,2017-09-15,15,P,0.7,0.7,0.65,0.7,393,19959,0.65,18215,0.75,14.24,14.24,12528,0.65,13379,0.75,14.2,14.2,0.6549,19544,
^VIX,2017-09-16,VIX,2017-09-16,16,C,3.5,3.5,3.4,3.4,5,15199,3.3,18371,3.5,14.24,14.24,12754,3.3,10846,3.5,14.2,14.2,3.46,3828,
^VIX,2017-09-17,VIX,2017-09-17,16,P,1.05,1.05,1.05,1.05,25,18167,1.1,18664,1.2,14.24,14.24,11775,1.1,13770,1.2,14.2,14.2,1.05,1286,
^VIX,2017-09-18,VIX,2017-09-18,17,C,3.12,3.12,2.95,2.98,48,427,2.9,17248,3,14.24,14.24,8567,2.9,1036,3,14.2,14.2,3.0129,3134,
^VIX,2017-09-19,VIX,2017-09-19,17,P,1.65,1.65,1.65,1.65,110,16721,1.65,17602,1.75,14.24,14.24,672,1.65,12528,1.75,14.2,14.2,1.65,12936,
^VIX,2017-09-20,VIX,2017-09-20,18,C,2.68,2.68,2.6,2.6,29,15449,2.5,8527,2.6,14.24,14.24,639,2.55,10313,2.65,14.2,14.2,2.6686,1399,
^VIX,2017-09-21,VIX,2017-09-21,18,P,2.21,2.21,2.21,2.21,1,21133,2.25,18650,2.4,14.24,14.24,12015,2.25,2807,2.35,14.2,14.2,2.21,14532,
^VIX,2017-09-22,VIX,2017-09-22,19,C,2.4,2.4,2.25,2.25,8,14709,2.2,15448,2.3,14.24,14.24,12599,2.2,11254,2.35,14.2,14.2,2.2938,24478,
^VIX,2017-09-23,VIX,2017-09-23,19,P,0,0,0,0,0,19481,2.95,19833,3.1,14.24,14.24,1897,2.95,14042,3.1,14.2,14.2,0,30896,
^VIX,2017-09-24,VIX,2017-09-24,20,C,2.1,2.1,2,2.02,123,1666,1.95,18650,2.05,14.24,14.24,12108,1.95,3567,2.05,14.2,14.2,2.0047,40543,
^VIX,2017-09-25,VIX,2017-09-25,20,P,0,0,0,0,0,13491,3.7,12295,3.8,14.24,14.24,15805,3.6,10232,3.8,14.2,14.2,0,12394,
^VIX,2017-09-26,VIX,2017-09-26,21,C,1.8,1.8,1.78,1.78,911,17963,1.7,13903,1.8,14.24,14.24,14332,1.7,11712,1.85,14.2,14.2,1.7997,15916,
^VIX,2017-09-27,VIX,2017-09-27,21,P,4.5,4.5,4.5,4.5,75,23631,4.4,17110,4.6,14.24,14.24,14419,4.4,12339,4.6,14.2,14.2,4.5,15886,
^VIX,2017-09-28,VIX,2017-09-28,22,C,0,0,0,0,0,17842,1.5,9624,1.6,14.24,14.24,1863,1.55,11361,1.65,14.2,14.2,0,42678,
^VIX,2017-09-29,VIX,2017-09-29,22,P,5.1,5.1,5.1,5.1,95,21837,5.2,14435,5.4,14.24,14.24,13693,5.2,11333,5.4,14.2,14.2,5.1,4202,
^VIX,2017-09-30,VIX,2017-09-30,23,C,1.4,1.4,1.4,1.4,1000,17497,1.35,17027,1.45,14.24,14.24,12994,1.35,7130,1.45,14.2,14.2,1.4,4137,
^VIX,2017-10-01,VIX,2017-10-01,23,P,0,0,0,0,0,11743,6.1,3471,6.2,14.24,14.24,14927,6,5469,6.2,14.2,14.2,0,4988,
^VIX,2017-10-02,VIX,2017-10-02,24,C,1.24,1.3,1.24,1.3,112,18373,1.2,16684,1.3,14.24,14.24,13833,1.2,7286,1.3,14.2,14.2,1.2936,9046,
^VIX,2017-10-03,VIX,2017-10-03,24,P,0,0,0,0,0,19610,6.9,15894,7.1,14.24,14.24,11065,6.9,11703,7.1,14.2,14.2,0,513,
^VIX,2017-10-04,VIX,2017-10-04,25,C,1.2,1.2,1.1,1.1,351,21560,1.05,9175,1.15,14.24,14.24,3331,1.1,50,1.15,14.2,14.2,1.1086,39693,
^VIX,2017-10-05,VIX,2017-10-05,25,P,0,0,0,0,0,16002,7.8,18250,8,14.24,14.24,15263,7.7,13980,8,14.2,14.2,0,855,
^VIX,2017-10-06,VIX,2017-10-06,26,C,1,1,1,1,1709,19642,0.95,16067,1.05,14.24,14.24,14386,0.95,3871,1.05,14.2,14.2,1,7792,
^VIX,2017-10-07,VIX,2017-10-07,26,P,0,0,0,0,0,11063,8.7,18905,8.9,14.24,14.24,13938,8.6,4652,8.8,14.2,14.2,0,355,
^VIX,2017-10-08,VIX,2017-10-08,27,C,0.97,0.97,0.95,0.97,19,19967,0.85,16632,0.95,14.24,14.24,14482,0.85,8982,0.95,14.2,14.2,0.9668,15784,
^VIX,2017-10-09,VIX,2017-10-09,27,P,0,0,0,0,0,9359,9.6,17727,9.8,14.24,14.24,12676,9.5,4746,9.7,14.2,14.2,0,0,
^VIX,2017-10-10,VIX,2017-10-10,28,C,0.85,0.85,0.84,0.84,1100,50,0.8,11668,0.85,14.24,14.24,261,0.8,1459,0.85,14.2,14.2,0.8491,8720,
^VIX,2017-10-11,VIX,2017-10-11,28,P,0,0,0,0,0,11328,10.5,16847,10.7,14.24,14.24,12018,10.4,3019,10.6,14.2,14.2,0,0,
^VIX,2017-10-12,VIX,2017-10-12,29,C,0.75,0.75,0.75,0.75,2693,16847,0.7,50,0.75,14.24,14.24,13353,0.7,3,0.75,14.2,14.2,0.75,10887,
^VIX,2017-10-13,VIX,2017-10-13,29,P,0,0,0,0,0,15987,11.4,16288,11.6,14.24,14.24,14741,11.3,12294,11.6,14.2,14.2,0,120,
^VIX,2017-10-14,VIX,2017-10-14,30,C,0.65,0.75,0.65,0.7,820,1610,0.65,13259,0.7,14.24,14.24,1916,0.65,1418,0.7,14.2,14.2,0.7,176050,
^VIX,2017-10-15,VIX,2017-10-15,30,P,0,0,0,0,0,17109,12.3,12746,12.5,14.24,14.24,4699,12.3,11409,12.5,14.2,14.2,0,328,
^VIX,2017-10-16,VIX,2017-10-16,32.5,C,0.51,0.51,0.51,0.51,12,10512,0.5,9811,0.55,14.24,14.24,4667,0.5,1200,0.55,14.2,14.2,0.51,9127,
^VIX,2017-10-17,VIX,2017-10-17,32.5,P,0,0,0,0,0,18935,14.6,16040,14.9,14.24,14.24,12573,14.6,4082,14.8,14.2,14.2,0,362,
^VIX,2017-10-18,VIX,2017-10-18,35,C,0.45,0.45,0.4,0.4,517,9146,0.4,16724,0.45,14.24,14.24,840,0.4,9884,0.45,14.2,14.2,0.4497,10821,
^VIX,2017-10-19,VIX,2017-10-19,35,P,0,0,0,0,0,17702,17,16303,17.3,14.24,14.24,9834,17,5479,17.2,14.2,14.2,0,0,
^VIX,2017-10-20,VIX,2017-10-20,37.5,C,0,0,0,0,0,12890,0.3,160,0.35,14.24,14.24,9670,0.3,50,0.35,14.2,14.2,0,7308,
^VIX,2017-10-21,VIX,2017-10-21,37.5,P,0,0,0,0,0,17817,19.4,15706,19.7,14.24,14.24,10672,19.4,3748,19.6,14.2,14.2,0,0,
^VIX,2017-10-22,VIX,2017-10-22,40,C,0,0,0,0,1,9713,0.25,17326,0.3,14.24,14.24,1470,0.25,11103,0.3,14.2,14.2,0,16772,
^VIX,2017-10-23,VIX,2017-10-23,40,P,0,0,0,0,0,12857,21.9,12134,22.1,14.24,14.24,12602,21.8,10879,22.1,14.2,14.2,0,100,
^VIX,2017-10-24,VIX,2017-10-24,42.5,C,0,0,0,0,0,24229,0.15,16709,0.25,14.24,14.24,17988,0.15,11078,0.25,14.2,14.2,0,3998,
^VIX,2017-10-25,VIX,2017-10-25,42.5,P,0,0,0,0,0,16073,24.3,15095,24.6,14.24,14.24,7235,24.3,6731,24.5,14.2,14.2,0,0,
^VIX,2017-10-26,VIX,2017-10-26,45,C,0,0,0,0,1,13421,0.15,11541,0.2,14.24,14.24,11973,0.15,4108,0.2,14.2,14.2,0,7120,
^VIX,2017-10-27,VIX,2017-10-27,45,P,0,0,0,0,0,12086,26.8,11476,27,14.24,14.24,11758,26.7,10600,27,14.2,14.2,0,2,
^VIX,2017-10-28,VIX,2017-10-28,47.5,C,0,0,0,0,0,20058,0.1,20456,0.2,14.24,14.24,14801,0.1,13981,0.2,14.2,14.2,0,157,
^VIX,2017-10-29,VIX,2017-10-29,47.5,P,0,0,0,0,0,4839,29.3,11739,29.5,14.24,14.24,9334,29.2,9166,29.5,14.2,14.2,0,0,
^VIX,2017-10-30,VIX,2017-10-30,50,C,0,0,0,0,0,12895,0.1,13165,0.15,14.24,14.24,10649,0.1,9705,0.15,14.2,14.2,0,18239,
^VIX,2017-10-31,VIX,2017-10-31,50,P,0,0,0,0,0,13033,31.7,12685,32,14.24,14.24,4680,31.7,6525,31.9,14.2,14.2,0,0,
^VIX,2017-11-01,VIX,2017-11-01,55,C,0,0,0,0,0,15397,0.05,1259,0.1,14.24,14.24,10654,0.05,279,0.1,14.2,14.2,0,1800,
^VIX,2017-11-02,VIX,2017-11-02,55,P,0,0,0,0,0,8792,36.7,10119,36.9,14.24,14.24,10077,36.6,9779,36.9,14.2,14.2,0,0,
^VIX,2017-11-03,VIX,2017-11-03,60,C,0.05,0.05,0.05,0.05,249,0,0,13361,0.1,14.24,14.24,189,0.05,10817,0.1,14.2,14.2,0.05,329,
^VIX,2017-11-04,VIX,2017-11-04,60,P,0,0,0,0,0,4788,41.7,12426,41.9,14.24,14.24,6761,41.6,9899,41.9,14.2,14.2,0,0,
^VIX,2017-11-05,VIX,2017-11-05,65,C,0,0,0,0,0,0,0,429,0.05,14.24,14.24,0,0,100,0.05,14.2,14.2,0,537,
^VIX,2017-11-06,VIX,2017-11-06,65,P,0,0,0,0,0,11242,46.6,12956,46.9,14.24,14.24,5113,46.6,6531,46.8,14.2,14.2,0,0,
^VIX,2017-11-07,VIX,2017-11-07,70,C,0,0,0,0,0,0,0,248,0.05,14.24,14.24,0,0,184,0.05,14.2,14.2,0,1127,
^VIX,2017-11-08,VIX,2017-11-08,70,P,0,0,0,0,0,8470,51.6,2259,51.8,14.24,14.24,3659,51.6,8986,51.8,14.2,14.2,0,0,
^VIX,2017-11-09,VIX,2017-11-09,10,C,9,9,9,9,62,30,9,9076,9.1,14.24,14.24,9530,8.9,7447,9.2,14.2,14.2,9,104,
^VIX,2017-11-10,VIX,2017-11-10,10,P,0,0,0,0,0,0,0,12357,0.05,14.24,14.24,0,0,10901,0.05,14.2,14.2,0,0,
^VIX,2017-11-11,VIX,2017-11-11,11,C,0,0,0,0,0,10872,7.9,6719,8.1,14.24,14.24,8746,7.9,5467,8.2,14.2,14.2,0,1,
^VIX,2017-11-12,VIX,2017-11-12,11,P,0,0,0,0,0,0,0,10127,0.05,14.24,14.24,0,0,8862,0.05,14.2,14.2,0,0,
^VIX,2017-11-13,VIX,2017-11-13,12,C,7.35,7.35,7.35,7.35,1,1644,7,11915,7.2,14.24,14.24,7645,7,8513,7.3,14.2,14.2,7.35,50,
^VIX,2017-11-14,VIX,2017-11-14,12,P,0,0,0,0,0,0,0,12396,0.1,14.24,14.24,0,0,8671,0.1,14.2,14.2,0,154,
^VIX,2017-11-15,VIX,2017-11-15,13,C,6.2,6.21,6.2,6.2,56,9148,6.1,12325,6.3,14.24,14.24,9367,6.1,8832,6.4,14.2,14.2,6.2027,863,
^VIX,2017-11-16,VIX,2017-11-16,13,P,0,0,0,0,0,7269,0.15,8990,0.2,14.24,14.24,2110,0.15,4478,0.2,14.2,14.2,0,14263,
^VIX,2017-11-17,VIX,2017-11-17,14,C,5.6,5.6,5.5,5.5,9,11433,5.3,12066,5.5,14.24,14.24,9901,5.3,8106,5.6,14.2,14.2,5.5667,994,
^VIX,2017-11-18,VIX,2017-11-18,14,P,0,0,0,0,0,9684,0.35,16639,0.45,14.24,14.24,7621,0.35,11072,0.45,14.2,14.2,0,8989,
^VIX,2017-11-19,VIX,2017-11-19,15,C,4.9,4.9,4.9,4.9,3,13997,4.6,15264,4.9,14.24,14.24,12705,4.6,8266,4.9,14.2,14.2,4.9,673,
^VIX,2017-11-20,VIX,2017-11-20,15,P,0,0,0,0,1,14748,0.65,12609,0.75,14.24,14.24,9511,0.65,6449,0.75,14.2,14.2,0,17852,
^VIX,2017-11-21,VIX,2017-11-21,16,C,4.35,4.35,4.35,4.35,1,3995,4.1,14287,4.3,14.24,14.24,9252,4.1,7322,4.3,14.2,14.2,4.35,504,
^VIX,2017-11-22,VIX,2017-11-22,16,P,1.05,1.1,1.05,1.1,2,8537,1.1,16504,1.2,14.24,14.24,11033,1.05,800,1.15,14.2,14.2,1.075,30415,
^VIX,2017-11-23,VIX,2017-11-23,17,C,0,0,0,0,0,10157,3.6,25,3.7,14.24,14.24,10112,3.6,7611,3.8,14.2,14.2,0,959,
^VIX,2017-11-24,VIX,2017-11-24,17,P,0,0,0,0,0,11165,1.6,12826,1.7,14.24,14.24,300,1.6,10212,1.7,14.2,14.2,0,11380,
^VIX,2017-11-25,VIX,2017-11-25,18,C,0,0,0,0,0,11293,3.2,1426,3.3,14.24,14.24,10798,3.2,8357,3.4,14.2,14.2,0,1825,
^VIX,2017-11-26,VIX,2017-11-26,18,P,2.23,2.24,2.23,2.24,3150,16502,2.15,300,2.25,14.24,14.24,9446,2.15,1436,2.25,14.2,14.2,2.2384,2466,
^VIX,2017-11-27,VIX,2017-11-27,19,C,2.92,3,2.89,3,655,12663,2.85,4541,2.95,14.24,14.24,1938,2.9,1343,3,14.2,14.2,2.9963,21918,
^VIX,2017-11-28,VIX,2017-11-28,19,P,2.87,2.87,2.85,2.85,640,16185,2.8,300,2.9,14.24,14.24,8627,2.8,1708,2.9,14.2,14.2,2.8503,23622,
^VIX,2017-11-29,VIX,2017-11-29,20,C,2.8,2.8,2.6,2.6,105,12757,2.55,5167,2.65,14.24,14.24,1443,2.6,6760,2.7,14.2,14.2,2.6935,32536,
^VIX,2017-11-30,VIX,2017-11-30,20,P,3.39,3.39,3.39,3.39,20,14793,3.5,300,3.6,14.24,14.24,2135,3.5,2277,3.6,14.2,14.2,3.39,17364,
^VIX,2017-12-01,VIX,2017-12-01,21,C,2.36,2.36,2.36,2.36,16,10550,2.3,12135,2.4,14.24,14.24,9977,2.3,300,2.4,14.2,14.2,2.36,16390,
^VIX,2017-12-02,VIX,2017-12-02,21,P,0,0,0,0,0,17837,4.2,13722,4.4,14.24,14.24,9922,4.2,10041,4.4,14.2,14.2,0,12943,
^VIX,2017-12-03,VIX,2017-12-03,22,C,2.15,2.17,2.15,2.17,10,13284,2.05,5768,2.15,14.24,14.24,2968,2.1,7619,2.2,14.2,14.2,2.168,40815,
^VIX,2017-12-04,VIX,2017-12-04,22,P,0,0,0,0,0,13877,5,300,5.1,14.24,14.24,1024,5,310,5.1,14.2,14.2,0,312,
^VIX,2017-12-05,VIX,2017-12-05,23,C,2.04,2.04,2,2,23,12339,1.85,8804,1.95,14.24,14.24,10762,1.85,8258,2,14.2,14.2,2.0017,23267,
^VIX,2017-12-06,VIX,2017-12-06,23,P,0,0,0,0,0,12278,5.8,1107,5.9,14.24,14.24,999,5.8,300,5.9,14.2,14.2,0,564,
^VIX,2017-12-07,VIX,2017-12-07,24,C,1.8,1.8,1.75,1.75,50,15032,1.65,940,1.75,14.24,14.24,9394,1.7,4857,1.8,14.2,14.2,1.781,210,
^VIX,2017-12-08,VIX,2017-12-08,24,P,0,0,0,0,0,13725,6.6,14361,6.8,14.24,14.24,1223,6.6,300,6.7,14.2,14.2,0,160,
^VIX,2017-12-09,VIX,2017-12-09,25,C,1.6,1.6,1.55,1.55,7,14161,1.5,9073,1.6,14.24,14.24,4007,1.55,8,1.6,14.2,14.2,1.5857,7208,
^VIX,2017-12-10,VIX,2017-12-10,25,P,0,0,0,0,0,17077,7.4,11982,7.6,14.24,14.24,8498,7.4,9135,7.6,14.2,14.2,0,151,
^VIX,2017-12-11,VIX,2017-12-11,26,C,1.5,1.5,1.5,1.5,8,14914,1.35,8346,1.45,14.24,14.24,8001,1.4,8,1.45,14.2,14.2,1.5,1137,
^VIX,2017-12-12,VIX,2017-12-12,26,P,8.3,8.3,8.3,8.3,250,10697,8.3,14666,8.5,14.24,14.24,300,8.3,300,8.4,14.2,14.2,8.3,10,
^VIX,2017-12-13,VIX,2017-12-13,27,C,1.35,1.37,1.3,1.3,18,8256,1.25,14271,1.35,14.24,14.24,10929,1.25,2995,1.35,14.2,14.2,1.33,1422,
^VIX,2017-12-14,VIX,2017-12-14,27,P,0,0,0,0,0,17120,9.1,8612,9.3,14.24,14.24,9157,9.1,7760,9.3,14.2,14.2,0,233,
^VIX,2017-12-15,VIX,2017-12-15,28,C,0,0,0,0,0,15325,1.1,8708,1.2,14.24,14.24,9027,1.15,8,1.2,14.2,14.2,0,4703,
^VIX,2017-12-16,VIX,2017-12-16,28,P,0,0,0,0,0,15469,10,11210,10.2,14.24,14.24,6448,10,8847,10.2,14.2,14.2,0,0,
^VIX,2017-12-17,VIX,2017-12-17,29,C,0,0,0,0,0,14214,1,9348,1.1,14.24,14.24,3382,1.05,8,1.1,14.2,14.2,0,767,
^VIX,2017-12-18,VIX,2017-12-18,29,P,0,0,0,0,0,14448,10.9,11202,11.1,14.24,14.24,984,10.9,8373,11.1,14.2,14.2,0,0,
^VIX,2017-12-19,VIX,2017-12-19,30,C,0.95,1,0.95,0.95,21,15568,0.9,9828,1,14.24,14.24,3096,0.95,9189,1.05,14.2,14.2,0.9571,34714,
^VIX,2017-12-20,VIX,2017-12-20,30,P,0,0,0,0,0,14627,11.8,10966,12,14.24,14.24,939,11.8,7972,12,14.2,14.2,0,14,
^VIX,2017-12-21,VIX,2017-12-21,32.5,C,0.8,0.8,0.75,0.75,26,15677,0.7,9526,0.8,14.24,14.24,1795,0.75,10090,0.85,14.2,14.2,0.7654,1117,
^VIX,2017-12-22,VIX,2017-12-22,32.5,P,0,0,0,0,0,12614,14.1,10189,14.3,14.24,14.24,10402,14,8437,14.3,14.2,14.2,0,0,
^VIX,2017-12-23,VIX,2017-12-23,35,C,0.65,0.67,0.6,0.6,3222,15354,0.55,10935,0.65,14.24,14.24,11042,0.55,6221,0.65,14.2,14.2,0.6002,11827,
^VIX,2017-12-24,VIX,2017-12-24,35,P,0,0,0,0,0,15318,16.4,1625,16.6,14.24,14.24,1006,16.4,6245,16.6,14.2,14.2,0,250,
^VIX,2017-12-25,VIX,2017-12-25,37.5,C,0.5,0.55,0.45,0.45,16,12595,0.45,3,0.5,14.24,14.24,9664,0.45,9222,0.55,14.2,14.2,0.4813,3835,
^VIX,2017-12-26,VIX,2017-12-26,37.5,P,0,0,0,0,0,13037,18.8,8434,19,14.24,14.24,9857,18.7,6913,19,14.2,14.2,0,0,
^VIX,2017-12-27,VIX,2017-12-27,40,C,0.4,0.4,0.35,0.4,34,13491,0.35,3,0.4,14.24,14.24,9435,0.35,8939,0.45,14.2,14.2,0.3882,12406,
^VIX,2017-12-28,VIX,2017-12-28,40,P,0,0,0,0,0,13237,21.2,8517,21.4,14.24,14.24,9825,21.1,6488,21.4,14.2,14.2,0,0,
^VIX,2017-12-29,VIX,2017-12-29,42.5,C,0,0,0,0,2,5979,0.3,8660,0.35,14.24,14.24,3151,0.3,5360,0.35,14.2,14.2,0,1184,
^VIX,2017-12-30,VIX,2017-12-30,42.5,P,0,0,0,0,0,14050,23.6,12282,23.9,14.24,14.24,106,23.6,6190,23.8,14.2,14.2,0,0,
^VIX,2017-12-31,VIX,2017-12-31,45,C,0.3,0.3,0.25,0.25,2079,19576,0.2,11730,0.3,14.24,14.24,13825,0.2,7502,0.3,14.2,14.2,0.25,5038,
^VIX,2018-01-01,VIX,2018-01-01,45,P,0,0,0,0,0,6611,26.1,9769,26.3,14.24,14.24,7489,26,9295,26.3,14.2,14.2,0,0,
^VIX,2018-01-02,VIX,2018-01-02,47.5,C,0,0,0,0,0,3463,0.2,8819,0.25,14.24,14.24,6374,0.2,4112,0.25,14.2,14.2,0,114,
^VIX,2018-01-03,VIX,2018-01-03,47.5,P,0,0,0,0,0,13268,28.5,5889,28.7,14.24,14.24,10823,28.4,6951,28.7,14.2,14.2,0,51,
^VIX,2018-01-04,VIX,2018-01-04,50,C,0.2,0.2,0.2,0.2,6,12471,0.15,17358,0.25,14.24,14.24,10369,0.15,11687,0.25,14.2,14.2,0.2,789,
^VIX,2018-01-05,VIX,2018-01-05,50,P,0,0,0,0,0,7412,31,9292,31.2,14.24,14.24,7769,30.9,8439,31.2,14.2,14.2,0,0,
^VIX,2018-01-06,VIX,2018-01-06,55,C,0.15,0.15,0.15,0.15,5,11714,0.1,1995,0.15,14.24,14.24,8755,0.1,181,0.15,14.2,14.2,0.15,1048,
^VIX,2018-01-07,VIX,2018-01-07,55,P,0,0,0,0,0,9037,35.9,5213,36.1,14.24,14.24,8400,35.8,5997,36.1,14.2,14.2,0,0,
^VIX,2018-01-08,VIX,2018-01-08,60,C,0,0,0,0,0,16624,0.05,15706,0.15,14.24,14.24,13511,0.05,12348,0.15,14.2,14.2,0,332,
^VIX,2018-01-09,VIX,2018-01-09,60,P,0,0,0,0,0,3926,40.9,8714,41.1,14.24,14.24,3715,40.8,7776,41.1,14.2,14.2,0,0,
^VIX,2018-01-10,VIX,2018-01-10,65,C,0,0,0,0,0,5504,0.05,9211,0.1,14.24,14.24,4692,0.05,5371,0.1,14.2,14.2,0,10,
^VIX,2018-01-11,VIX,2018-01-11,65,P,0,0,0,0,0,9403,45.8,10925,46.1,14.24,14.24,8546,45.7,5372,46,14.2,14.2,0,7,
^VIX,2018-01-12,VIX,2018-01-12,70,C,0.05,0.05,0.05,0.05,10,0,0,11469,0.1,14.24,14.24,0,0,9574,0.1,14.2,14.2,0.05,107,
^VIX,2018-01-13,VIX,2018-01-13,70,P,0,0,0,0,0,8723,50.8,5521,51,14.24,14.24,7446,50.7,7631,51,14.2,14.2,0,0,
^VIX,2018-01-14,VIX,2018-01-14,10,C,0,0,0,0,0,6866,9.4,9033,9.6,14.24,14.24,5583,9.5,7550,9.7,14.2,14.2,0,32,
^VIX,2018-01-15,VIX,2018-01-15,10,P,0,0,0,0,0,0,0,11521,0.05,14.24,14.24,0,0,10344,0.05,14.2,14.2,0,115,
^VIX,2018-01-16,VIX,2018-01-16,11,C,0,0,0,0,0,10018,8.4,6451,8.6,14.24,14.24,6688,8.5,5305,8.7,14.2,14.2,0,1,
^VIX,2018-01-17,VIX,2018-01-17,11,P,0,0,0,0,0,0,0,8726,0.05,14.24,14.24,0,0,7160,0.05,14.2,14.2,0,0,
^VIX,2018-01-18,VIX,2018-01-18,12,C,0,0,0,0,0,1066,7.5,9370,7.7,14.24,14.24,8719,7.5,7294,7.8,14.2,14.2,0,45,
^VIX,2018-01-19,VIX,2018-01-19,12,P,0,0,0,0,0,0,0,10421,0.1,14.24,14.24,0,0,8582,0.1,14.2,14.2,0,130,
^VIX,2018-01-20,VIX,2018-01-20,13,C,6.7,6.7,6.7,6.7,10,5681,6.6,9616,6.8,14.24,14.24,9956,6.6,6993,6.9,14.2,14.2,6.7,446,
^VIX,2018-01-21,VIX,2018-01-21,13,P,0,0,0,0,7125,9886,0.15,14672,0.25,14.24,14.24,4099,0.15,10352,0.25,14.2,14.2,0,7280,
^VIX,2018-01-22,VIX,2018-01-22,14,C,0,0,0,0,0,9860,5.8,9164,6,14.24,14.24,1528,5.9,6283,6.1,14.2,14.2,0,155,
^VIX,2018-01-23,VIX,2018-01-23,14,P,0,0,0,0,0,11227,0.35,12685,0.45,14.24,14.24,6345,0.35,8794,0.45,14.2,14.2,0,5375,
^VIX,2018-01-24,VIX,2018-01-24,15,C,5.41,5.5,5.41,5.5,4,10,5.2,13154,5.4,14.24,14.24,3569,5.2,6600,5.4,14.2,14.2,5.46,220,
^VIX,2018-01-25,VIX,2018-01-25,15,P,0.65,0.65,0.65,0.65,1,12522,0.65,9014,0.75,14.24,14.24,7216,0.65,8369,0.75,14.2,14.2,0.65,4104,
^VIX,2018-01-26,VIX,2018-01-26,16,C,4.82,4.83,4.82,4.83,13,12775,4.5,12708,4.8,14.24,14.24,6594,4.6,6660,4.8,14.2,14.2,4.8285,270,
^VIX,2018-01-27,VIX,2018-01-27,16,P,1.05,1.05,1.05,1.05,2,13685,1.05,300,1.15,14.24,14.24,6886,1.05,8642,1.15,14.2,14.2,1.05,1124,
^VIX,2018-01-28,VIX,2018-01-28,17,C,0,0,0,0,0,12660,4,13244,4.3,14.24,14.24,5873,4.1,7206,4.3,14.2,14.2,0,388,
^VIX,2018-01-29,VIX,2018-01-29,17,P,0,0,0,0,0,12036,1.55,696,1.65,14.24,14.24,1202,1.55,8921,1.65,14.2,14.2,0,2227,
^VIX,2018-01-30,VIX,2018-01-30,18,C,3.8,3.8,3.8,3.8,4,11872,3.6,12587,3.8,14.24,14.24,300,3.7,986,3.8,14.2,14.2,3.8,313,
^VIX,2018-01-31,VIX,2018-01-31,18,P,0,0,0,0,0,12346,2.1,300,2.2,14.24,14.24,4693,2.1,7566,2.2,14.2,14.2,0,3510,
^VIX,2018-02-01,VIX,2018-02-01,19,C,3.5,3.5,3.5,3.5,2,14450,3.2,9567,3.4,14.24,14.24,3181,3.3,8090,3.5,14.2,14.2,3.5,113,
^VIX,2018-02-02,VIX,2018-02-02,19,P,2.7,2.7,2.7,2.7,2,6169,2.75,7316,2.85,14.24,14.24,7734,2.7,934,2.8,14.2,14.2,2.7,1253,
^VIX,2018-02-03,VIX,2018-02-03,20,C,3,3.05,3,3.05,880,13232,2.9,12834,3.1,14.24,14.24,300,3,6048,3.1,14.2,14.2,3.0176,5038,
^VIX,2018-02-04,VIX,2018-02-04,20,P,3.35,3.4,3.35,3.4,874,11455,3.4,850,3.5,14.24,14.24,11067,3.3,7299,3.5,14.2,14.2,3.3674,4344,
^VIX,2018-02-05,VIX,2018-02-05,21,C,0,0,0,0,0,8285,2.65,946,2.75,14.24,14.24,300,2.7,5392,2.8,14.2,14.2,0,12710,
^VIX,2018-02-06,VIX,2018-02-06,21,P,0,0,0,0,0,11771,4.1,300,4.2,14.24,14.24,10742,4,6542,4.2,14.2,14.2,0,2019,
^VIX,2018-02-07,VIX,2018-02-07,22,C,0,0,0,0,0,3620,2.4,8291,2.5,14.24,14.24,300,2.45,6954,2.55,14.2,14.2,0,225,
^VIX,2018-02-08,VIX,2018-02-08,22,P,0,0,0,0,0,14310,4.8,11677,5,14.24,14.24,8113,4.8,300,4.9,14.2,14.2,0,53,
^VIX,2018-02-09,VIX,2018-02-09,23,C,2.29,2.3,2.29,2.3,4,11555,2.15,834,2.25,14.24,14.24,1399,2.2,4257,2.3,14.2,14.2,2.295,2266,
^VIX,2018-02-10,VIX,2018-02-10,23,P,0,0,0,0,0,11528,5.6,11958,5.8,14.24,14.24,10832,5.5,1827,5.7,14.2,14.2,0,501,
^VIX,2018-02-11,VIX,2018-02-11,24,C,0,0,0,0,0,12001,1.95,889,2.05,14.24,14.24,341,2,5470,2.1,14.2,14.2,0,1421,
^VIX,2018-02-12,VIX,2018-02-12,24,P,0,0,0,0,0,11023,6.4,12708,6.6,14.24,14.24,9776,6.3,2938,6.5,14.2,14.2,0,50,
^VIX,2018-02-13,VIX,2018-02-13,25,C,1.83,1.89,1.83,1.85,2339,300,1.8,11129,1.9,14.24,14.24,300,1.85,8085,1.95,14.2,14.2,1.8895,451,
^VIX,2018-02-14,VIX,2018-02-14,25,P,7.1,7.2,7.1,7.2,36,11295,7.2,11712,7.4,14.24,14.24,10594,7.1,1477,7.3,14.2,14.2,7.15,137,
^VIX,2018-02-15,VIX,2018-02-15,26,C,0,0,0,0,0,11994,1.6,1708,1.7,14.24,14.24,1438,1.65,8,1.7,14.2,14.2,0,264,
^VIX,2018-02-16,VIX,2018-02-16,26,P,0,0,0,0,0,14326,8,10047,8.2,14.24,14.24,1680,8,300,8.1,14.2,14.2,0,3,
^VIX,2018-02-17,VIX,2018-02-17,27,C,0,0,0,0,0,12533,1.45,1104,1.55,14.24,14.24,1363,1.5,8,1.55,14.2,14.2,0,3696,
^VIX,2018-02-18,VIX,2018-02-18,27,P,0,0,0,0,0,7565,8.9,300,9,14.24,14.24,8952,8.8,6765,9,14.2,14.2,0,0,
^VIX,2018-02-19,VIX,2018-02-19,28,C,1.4,1.4,1.4,1.4,8,300,1.35,11794,1.45,14.24,14.24,8764,1.35,2396,1.45,14.2,14.2,1.4,3833,
^VIX,2018-02-20,VIX,2018-02-20,28,P,0,0,0,0,0,14091,9.7,7787,9.9,14.24,14.24,6772,9.7,7999,9.9,14.2,14.2,0,1,
^VIX,2018-02-21,VIX,2018-02-21,29,C,0,0,0,0,0,12872,1.2,6178,1.3,14.24,14.24,479,1.25,8,1.3,14.2,14.2,0,1917,
^VIX,2018-02-22,VIX,2018-02-22,29,P,0,0,0,0,0,12016,10.6,10055,10.8,14.24,14.24,10603,10.5,9137,10.8,14.2,14.2,0,0,
^VIX,2018-02-23,VIX,2018-02-23,30,C,1.17,1.17,1.15,1.15,14,4,1.15,9684,1.2,14.24,14.24,300,1.15,8655,1.25,14.2,14.2,1.1586,1191,
^VIX,2018-02-24,VIX,2018-02-24,30,P,0,0,0,0,0,10409,11.5,9873,11.7,14.24,14.24,9639,11.4,936,11.6,14.2,14.2,0,50,
^VIX,2018-02-25,VIX,2018-02-25,32.5,C,0.93,0.93,0.93,0.93,60,13717,0.85,2352,0.95,14.24,14.24,7022,0.9,8,0.95,14.2,14.2,0.93,5516,
^VIX,2018-02-26,VIX,2018-02-26,32.5,P,0,0,0,0,0,13917,13.7,11203,14,14.24,14.24,6129,13.7,6442,13.9,14.2,14.2,0,0,
^VIX,2018-02-27,VIX,2018-02-27,35,C,0.75,0.75,0.75,0.75,83,9759,0.7,11816,0.8,14.24,14.24,8584,0.7,4219,0.8,14.2,14.2,0.75,12054,
^VIX,2018-02-28,VIX,2018-02-28,35,P,0,0,0,0,0,13758,16,10178,16.3,14.24,14.24,6188,16,6100,16.2,14.2,14.2,0,0,
^VIX,2018-03-01,VIX,2018-03-01,37.5,C,0.6,0.6,0.6,0.6,8,11375,0.55,10438,0.65,14.24,14.24,8813,0.55,5503,0.65,14.2,14.2,0.6,3758,
^VIX,2018-03-02,VIX,2018-03-02,37.5,P,0,0,0,0,0,11063,18.4,7918,18.6,14.24,14.24,9131,18.3,7833,18.6,14.2,14.2,0,0,
^VIX,2018-03-03,VIX,2018-03-03,40,C,0.5,0.5,0.5,0.5,8,9552,0.45,300,0.5,14.24,14.24,8095,0.45,8,0.5,14.2,14.2,0.5,5373,
^VIX,2018-03-04,VIX,2018-03-04,40,P,0,0,0,0,0,8726,20.8,7466,21,14.24,14.24,6697,20.7,1159,20.9,14.2,14.2,0,0,
^VIX,2018-03-05,VIX,2018-03-05,42.5,C,0.4,0.4,0.4,0.4,32,12317,0.35,12002,0.45,14.24,14.24,9254,0.35,6777,0.45,14.2,14.2,0.4,4438,
^VIX,2018-03-06,VIX,2018-03-06,42.5,P,0,0,0,0,0,9088,23.2,6841,23.4,14.24,14.24,7212,23.1,1106,23.3,14.2,14.2,0,0,
^VIX,2018-03-07,VIX,2018-03-07,45,C,0,0,0,0,0,8602,0.3,14590,0.4,14.24,14.24,6558,0.3,9244,0.4,14.2,14.2,0,942,
^VIX,2018-03-08,VIX,2018-03-08,45,P,0,0,0,0,0,10703,25.6,3558,25.8,14.24,14.24,8464,25.5,7243,25.8,14.2,14.2,0,0,
^VIX,2018-03-09,VIX,2018-03-09,47.5,C,0,0,0,0,0,5175,0.25,5344,0.3,14.24,14.24,6186,0.25,221,0.3,14.2,14.2,0,0,
^VIX,2018-03-10,VIX,2018-03-10,47.5,P,0,0,0,0,0,12877,28,9337,28.3,14.24,14.24,10141,27.9,6080,28.2,14.2,14.2,0,0,
^VIX,2018-03-11,VIX,2018-03-11,50,C,0,0,0,0,0,7907,0.2,15094,0.3,14.24,14.24,7276,0.2,10079,0.3,14.2,14.2,0,4240,
^VIX,2018-03-12,VIX,2018-03-12,50,P,0,0,0,0,0,10552,30.5,6906,30.7,14.24,14.24,7871,30.4,8015,30.7,14.2,14.2,0,0,
^VIX,2018-03-13,VIX,2018-03-13,55,C,0.15,0.15,0.15,0.15,4,4840,0.15,9742,0.2,14.24,14.24,5185,0.15,4674,0.2,14.2,14.2,0.15,78,
^VIX,2018-03-14,VIX,2018-03-14,55,P,0,0,0,0,0,9978,35.4,9593,35.7,14.24,14.24,9032,35.3,7703,35.6,14.2,14.2,0,0,
^VIX,2018-03-15,VIX,2018-03-15,60,C,0,0,0,0,0,6283,0.1,8613,0.15,14.24,14.24,5823,0.1,2910,0.15,14.2,14.2,0,701,
^VIX,2018-03-16,VIX,2018-03-16,60,P,0,0,0,0,0,1610,40.4,8021,40.6,14.24,14.24,1707,40.3,5590,40.5,14.2,14.2,0,0,
^VIX,2018-03-17,VIX,2018-03-17,65,C,0,0,0,0,0,9710,0.05,5,0.1,14.24,14.24,7792,0.05,5,0.1,14.2,14.2,0,0,
^VIX,2018-03-18,VIX,2018-03-18,65,P,0,0,0,0,0,9953,45.3,1606,45.5,14.24,14.24,8409,45.2,7471,45.5,14.2,14.2,0,0,
^VIX,2018-03-19,VIX,2018-03-19,70,C,0,0,0,0,0,4791,0.05,7494,0.1,14.24,14.24,4284,0.05,4298,0.1,14.2,14.2,0,45,
^VIX,2018-03-20,VIX,2018-03-20,70,P,0,0,0,0,0,4522,50.3,6971,50.5,14.24,14.24,4130,50.2,4116,50.4,14.2,14.2,0,140,
^VIX,2018-03-21,VIX,2018-03-21,10,C,0,0,0,0,0,9491,9.5,9094,9.8,14.24,14.24,6190,9.6,10,9.8,14.2,14.2,0,16,
^VIX,2018-03-22,VIX,2018-03-22,10,P,0,0,0,0,0,0,0,10560,0.05,14.24,14.24,0,0,9810,0.05,14.2,14.2,0,0,
^VIX,2018-03-23,VIX,2018-03-23,11,C,0,0,0,0,0,890,8.6,6694,8.8,14.24,14.24,7030,8.6,7751,8.9,14.2,14.2,0,27,
^VIX,2018-03-24,VIX,2018-03-24,11,P,0,0,0,0,0,0,0,5480,0.05,14.24,14.24,0,0,5027,0.05,14.2,14.2,0,50,
^VIX,2018-03-25,VIX,2018-03-25,12,C,0,0,0,0,0,8000,7.6,7416,7.9,14.24,14.24,1969,7.7,1190,7.9,14.2,14.2,0,215,
^VIX,2018-03-26,VIX,2018-03-26,12,P,0,0,0,0,0,6194,0.05,11655,0.15,14.24,14.24,4252,0.05,9392,0.15,14.2,14.2,0,40,
^VIX,2018-03-27,VIX,2018-03-27,13,C,0,0,0,0,0,8908,6.7,5246,7,14.24,14.24,4662,6.8,5587,7.1,14.2,14.2,0,121,
^VIX,2018-03-28,VIX,2018-03-28,13,P,0.2,0.21,0.2,0.21,600,9710,0.15,5953,0.25,14.24,14.24,7007,0.15,4212,0.25,14.2,14.2,0.2033,3764,
^VIX,2018-03-29,VIX,2018-03-29,14,C,6.35,6.35,6.2,6.2,2,4398,6,3693,6.2,14.24,14.24,5474,6,4435,6.3,14.2,14.2,6.275,178,
^VIX,2018-03-30,VIX,2018-03-30,14,P,0.4,0.42,0.4,0.42,300,10521,0.35,9415,0.5,14.24,14.24,7411,0.35,6742,0.5,14.2,14.2,0.4067,3540,
^VIX,2018-03-31,VIX,2018-03-31,15,C,5.6,5.6,5.6,5.6,3,8215,5.3,8658,5.6,14.24,14.24,1081,5.4,4262,5.6,14.2,14.2,5.6,190,
^VIX,2018-04-01,VIX,2018-04-01,15,P,0.7,0.7,0.7,0.7,1,6698,0.7,4146,0.8,14.24,14.24,3603,0.7,3579,0.8,14.2,14.2,0.7,780,
^VIX,2018-04-02,VIX,2018-04-02,16,C,5.2,5.2,5.05,5.05,14,8825,4.7,8254,5,14.24,14.24,3891,4.8,3555,5,14.2,14.2,5.0964,146,
^VIX,2018-04-03,VIX,2018-04-03,16,P,0,0,0,0,0,7063,1.1,15,1.2,14.24,14.24,4192,1.1,1365,1.2,14.2,14.2,0,193,
^VIX,2018-04-04,VIX,2018-04-04,17,C,4.4,4.4,4.4,4.4,60,8823,4.2,8500,4.5,14.24,14.24,4118,4.3,4502,4.5,14.2,14.2,4.4,63,
^VIX,2018-04-05,VIX,2018-04-05,17,P,0,0,0,0,0,4750,1.6,153,1.7,14.24,14.24,1018,1.6,1732,1.7,14.2,14.2,0,5720,
^VIX,2018-04-06,VIX,2018-04-06,18,C,0,0,0,0,0,7320,3.8,5828,4,14.24,14.24,6083,3.8,5044,4.1,14.2,14.2,0,231,
^VIX,2018-04-07,VIX,2018-04-07,18,P,0,0,0,0,0,6106,2.15,6717,2.3,14.24,14.24,1196,2.15,5415,2.3,14.2,14.2,0,71,
^VIX,2018-04-08,VIX,2018-04-08,19,C,3.8,3.8,3.8,3.8,2,8555,3.4,9532,3.7,14.24,14.24,1865,3.5,5520,3.7,14.2,14.2,3.8,126,
^VIX,2018-04-09,VIX,2018-04-09,19,P,2.7,2.7,2.7,2.7,2,7829,2.75,4361,2.9,14.24,14.24,3588,2.75,4662,2.9,14.2,14.2,2.7,40,
^VIX,2018-04-10,VIX,2018-04-10,20,C,3.35,3.37,3.29,3.29,29,20,3.2,7487,3.3,14.24,14.24,20,3.2,1127,3.3,14.2,14.2,3.3424,1176,
^VIX,2018-04-11,VIX,2018-04-11,20,P,0,0,0,0,0,8389,3.4,7562,3.6,14.24,14.24,4364,3.4,5724,3.6,14.2,14.2,0,86,
^VIX,2018-04-12,VIX,2018-04-12,21,C,0,0,0,0,0,6,2.9,7520,3,14.24,14.24,5,2.9,1349,3,14.2,14.2,0,43,
^VIX,2018-04-13,VIX,2018-04-13,21,P,0,0,0,0,0,8145,4.1,7282,4.3,14.24,14.24,2702,4.1,5649,4.3,14.2,14.2,0,2,
^VIX,2018-04-14,VIX,2018-04-14,22,C,2.68,2.68,2.68,2.68,1,6127,2.55,3244,2.7,14.24,14.24,3077,2.6,4056,2.75,14.2,14.2,2.68,196,
^VIX,2018-04-15,VIX,2018-04-15,22,P,0,0,0,0,0,9657,4.8,3488,5,14.24,14.24,6106,4.8,4684,5,14.2,14.2,0,102,
^VIX,2018-04-16,VIX,2018-04-16,23,C,0,0,0,0,0,7349,2.3,8509,2.5,14.24,14.24,4117,2.35,3462,2.5,14.2,14.2,0,1,
^VIX,2018-04-17,VIX,2018-04-17,23,P,0,0,0,0,0,6243,5.6,7363,5.8,14.24,14.24,7341,5.5,5974,5.8,14.2,14.2,0,2,
^VIX,2018-04-18,VIX,2018-04-18,24,C,0,0,0,0,0,6302,2.1,4927,2.25,14.24,14.24,6409,2.1,5187,2.3,14.2,14.2,0,0,
^VIX,2018-04-19,VIX,2018-04-19,24,P,0,0,0,0,0,3071,6.4,8315,6.6,14.24,14.24,6316,6.3,6001,6.6,14.2,14.2,0,0,
^VIX,2018-04-20,VIX,2018-04-20,25,C,0,0,0,0,0,181,1.95,3844,2.05,14.24,14.24,3829,1.95,5202,2.1,14.2,14.2,0,1748,
^VIX,2018-04-21,VIX,2018-04-21,25,P,0,0,0,0,0,2570,7.2,7589,7.4,14.24,14.24,6035,7.1,5598,7.4,14.2,14.2,0,4,
^VIX,2018-04-22,VIX,2018-04-22,26,C,0,0,0,0,0,5135,1.75,7673,1.9,14.24,14.24,4973,1.75,18,1.85,14.2,14.2,0,27,
^VIX,2018-04-23,VIX,2018-04-23,26,P,0,0,0,0,0,5805,8,5539,8.2,14.24,14.24,6404,7.9,4744,8.2,14.2,14.2,0,0,
^VIX,2018-04-24,VIX,2018-04-24,27,C,0,0,0,0,0,4477,1.6,7022,1.75,14.24,14.24,4822,1.6,18,1.7,14.2,14.2,0,26,
^VIX,2018-04-25,VIX,2018-04-25,27,P,0,0,0,0,0,9169,8.8,976,9,14.24,14.24,3289,8.8,3772,9,14.2,14.2,0,0,
^VIX,2018-04-26,VIX,2018-04-26,28,C,1.6,1.6,1.6,1.6,8,5869,1.45,7298,1.6,14.24,14.24,4727,1.45,18,1.55,14.2,14.2,1.6,48,
^VIX,2018-04-27,VIX,2018-04-27,28,P,0,0,0,0,0,4367,9.7,6633,9.9,14.24,14.24,6186,9.6,5359,9.9,14.2,14.2,0,0,
^VIX,2018-04-28,VIX,2018-04-28,29,C,1.4,1.4,1.4,1.4,4,8206,1.3,5981,1.45,14.24,14.24,6898,1.3,14,1.4,14.2,14.2,1.4,36,
^VIX,2018-04-29,VIX,2018-04-29,29,P,0,0,0,0,0,9383,10.5,8404,10.8,14.24,14.24,4921,10.5,1655,10.7,14.2,14.2,0,0,
^VIX,2018-04-30,VIX,2018-04-30,30,C,1.25,1.25,1.25,1.25,13,370,1.25,7387,1.35,14.24,14.24,363,1.25,18,1.3,14.2,14.2,1.25,1228,
^VIX,2018-05-01,VIX,2018-05-01,30,P,11.34,11.34,11.34,11.34,1,8668,11.4,9101,11.7,14.24,14.24,1298,11.4,4233,11.6,14.2,14.2,11.34,3,
^VIX,2018-05-02,VIX,2018-05-02,32.5,C,1.1,1.1,1.1,1.1,4,7616,0.95,7909,1.1,14.24,14.24,6513,0.95,18,1.05,14.2,14.2,1.1,4419,
^VIX,2018-05-03,VIX,2018-05-03,32.5,P,0,0,0,0,0,6329,13.6,6165,13.9,14.24,14.24,4422,13.6,5064,13.9,14.2,14.2,0,0,
^VIX,2018-05-04,VIX,2018-05-04,35,C,0,0,0,0,0,411,0.8,8484,0.9,14.24,14.24,443,0.8,18,0.85,14.2,14.2,0,4729,
^VIX,2018-05-05,VIX,2018-05-05,35,P,0,0,0,0,0,8555,15.9,6581,16.2,14.24,14.24,2833,15.9,5121,16.2,14.2,14.2,0,0,
^VIX,2018-05-06,VIX,2018-05-06,37.5,C,0.7,0.7,0.7,0.7,8,8733,0.6,8516,0.75,14.24,14.24,6872,0.6,18,0.7,14.2,14.2,0.7,18,
^VIX,2018-05-07,VIX,2018-05-07,37.5,P,0,0,0,0,0,4415,18.3,4127,18.5,14.24,14.24,5652,18.2,4897,18.5,14.2,14.2,0,0,
^VIX,2018-05-08,VIX,2018-05-08,40,C,0.55,0.55,0.55,0.55,1,4186,0.5,6646,0.6,14.24,14.24,3542,0.5,5027,0.6,14.2,14.2,0.55,936,
^VIX,2018-05-09,VIX,2018-05-09,40,P,0,0,0,0,0,6584,20.6,6031,20.9,14.24,14.24,2208,20.6,5004,20.9,14.2,14.2,0,0,
^VIX,2018-05-10,VIX,2018-05-10,42.5,C,0,0,0,0,0,5293,0.4,7512,0.5,14.24,14.24,3914,0.4,5045,0.5,14.2,14.2,0,4145,
^VIX,2018-05-11,VIX,2018-05-11,42.5,P,0,0,0,0,0,8046,23,6579,23.3,14.24,14.24,1075,23,5495,23.3,14.2,14.2,0,0,
^VIX,2018-05-12,VIX,2018-05-12,45,C,0,0,0,0,0,9904,0.3,11078,0.45,14.24,14.24,7069,0.3,7851,0.45,14.2,14.2,0,647,
^VIX,2018-05-13,VIX,2018-05-13,45,P,0,0,0,0,0,6494,25.4,5078,25.7,14.24,14.24,2570,25.4,5075,25.7,14.2,14.2,0,1,
^VIX,2018-05-14,VIX,2018-05-14,47.5,C,0,0,0,0,0,8228,0.25,6178,0.35,14.24,14.24,6194,0.25,5007,0.35,14.2,14.2,0,0,
^VIX,2018-05-15,VIX,2018-05-15,47.5,P,0,0,0,0,0,2266,27.9,1013,28.1,14.24,14.24,4504,27.8,4304,28.1,14.2,14.2,0,0,
^VIX,2018-05-16,VIX,2018-05-16,50,C,0,0,0,0,0,343,0.25,6495,0.3,14.24,14.24,311,0.25,5109,0.3,14.2,14.2,0,1905,
^VIX,2018-05-17,VIX,2018-05-17,50,P,0,0,0,0,0,7167,30.3,6600,30.6,14.24,14.24,736,30.3,1150,30.5,14.2,14.2,0,0,
^VIX,2018-05-18,VIX,2018-05-18,55,C,0.15,0.2,0.15,0.2,21,5712,0.15,223,0.2,14.24,14.24,4593,0.15,51,0.2,14.2,14.2,0.1976,1,
^VIX,2018-05-19,VIX,2018-05-19,55,P,0,0,0,0,0,5649,35.2,6598,35.5,14.24,14.24,1235,35.2,6410,35.5,14.2,14.2,0,0,
^VIX,2018-05-20,VIX,2018-05-20,60,C,0.15,0.15,0.15,0.15,30,6019,0.1,257,0.15,14.24,14.24,5285,0.1,225,0.15,14.2,14.2,0.15,81,
^VIX,2018-05-21,VIX,2018-05-21,60,P,0,0,0,0,0,1309,40.2,4788,40.4,14.24,14.24,4062,40.1,5803,40.4,14.2,14.2,0,0,
^VIX,2018-05-22,VIX,2018-05-22,65,C,0,0,0,0,0,9945,0.05,9157,0.15,14.24,14.24,7802,0.05,7635,0.15,14.2,14.2,0,0,
^VIX,2018-05-23,VIX,2018-05-23,65,P,0,0,0,0,0,6003,45.1,7831,45.4,14.24,14.24,572,45.1,3340,45.3,14.2,14.2,0,0,
^VIX,2018-05-24,VIX,2018-05-24,70,C,0,0,0,0,0,5195,0.05,12547,0.15,14.24,14.24,4881,0.05,10518,0.15,14.2,14.2,0,110,
^VIX,2018-05-25,VIX,2018-05-25,70,P,0,0,0,0,0,2352,50.1,4505,50.3,14.24,14.24,4981,50,6136,50.3,14.2,14.2,0,35,
